,ageRange,gender,isLGBT+,continent,gmtOffset,education,isStudent,employmentStatus,weeklyConsFreq,sociallyAnxious,consumptionSources,platform,isPayer,prefersSubs,visQuality,storyQuality,characterRelatability,firstFavGenre,secondFavGenre,vTuberSub,consumesHMat,socInc,wantsMoreSeinen
0,1.0,Man,0.0,Australia,11.0,HS,1.0,Unemployed,7.0,0.0,Anime;Manga;Doujinshi,OTHER,1.0,1.0,8.0,6.0,3.0,Comedy/SoL,Rom/Dram,1.0,1.0,Maybe,1.0
1,1.0,Woman,0.0,North America,-5.0,AA/AS,0.0,FullTimer,7.0,0.0,Anime;Manga;Light Novels;Visual Novels,OTHER,1.0,1.0,9.0,8.0,5.0,SciFi/M&M,Action,0.0,0.0,Maybe,1.0
2,0.0,Woman,1.0,North America,-5.0,HSDropout,1.0,Unemployed,6.0,1.0,Anime;Manga,GSS,1.0,1.0,8.0,8.0,7.0,Comedy/SoL,Action,1.0,0.0,Yes,1.0
3,1.0,Man,0.0,Europe,0.0,BA/BS,1.0,Unemployed,4.0,1.0,Anime,AFSS,1.0,0.0,9.0,7.0,9.0,SciFi/M&M,Action,0.0,1.0,Yes,1.0
4,0.0,Man,0.0,North America,-6.0,HSDropout,1.0,Unemployed,4.0,0.0,Anime;Manga;Light Novels,AFSS,1.0,1.0,6.0,7.0,5.0,Comedy/SoL,Fantasy,1.0,0.0,No,1.0
5,3.0,Man,0.0,Europe,1.0,BA/BS,0.0,FullTimer,7.0,1.0,Anime;Manga;Visual Novels,AFSS,1.0,1.0,4.0,8.0,4.0,Rom/Dram,Comedy/SoL,0.0,1.0,No,1.0
6,1.0,Man,0.0,North America,-5.0,BA/BS,0.0,FullTimer,7.0,1.0,Anime;Manga,GSS,0.0,0.0,3.0,10.0,9.0,Psycho,Action,1.0,0.0,Yes,1.0
7,2.0,Man,0.0,Asia,0.0,BA/BS,1.0,FullTimer,3.0,1.0,Anime;Manga;Doujinshi,GSS,0.0,1.0,7.0,9.0,8.0,Comedy/SoL,Psycho,1.0,1.0,Yes,1.0
8,1.0,Man,0.0,North America,-5.0,HS,0.0,Unemployed,7.0,1.0,Anime;Manga;Doujinshi,OTHER,1.0,0.0,8.0,10.0,7.0,Rom/Dram,Psycho,1.0,1.0,No,1.0
9,1.0,Woman,0.0,North America,-5.0,BA/BS,0.0,FullTimer,2.0,1.0,Anime;Manga,GSS,0.0,1.0,9.0,9.0,6.0,SciFi/M&M,Psycho,0.0,0.0,Yes,1.0
10,3.0,Man,0.0,North America,-8.0,MS,1.0,Unemployed,7.0,0.0,Anime,OTHER,0.0,1.0,7.0,8.0,0.0,Comedy/SoL,Psycho,0.0,0.0,Maybe,1.0
11,1.0,Man,0.0,Europe,1.0,HS,1.0,Unemployed,7.0,1.0,Anime;Manga;Visual Novels,AFSS,1.0,1.0,5.0,8.0,8.0,Rom/Dram,Psycho,0.0,0.0,Yes,1.0
12,0.0,Man,0.0,Asia,8.0,HSDropout,1.0,FullTimer,7.0,0.0,Anime;Light Novels,OTHER,0.0,1.0,5.0,10.0,9.0,Psycho,Rom/Dram,0.0,0.0,Yes,1.0
13,2.0,Man,0.0,North America,-5.0,BA/BS,0.0,FullTimer,3.0,1.0,Anime;Manga;Doujinshi,AFSS,1.0,1.0,7.0,9.0,6.0,SciFi/M&M,Rom/Dram,0.0,1.0,Yes,1.0
14,1.0,Woman,0.0,North America,-6.0,HS,1.0,PartTimer,2.0,1.0,Anime;Manga,AFSS,0.0,1.0,7.0,9.0,6.0,Comedy/SoL,Action,0.0,1.0,Yes,1.0
15,5.0,Man,0.0,North America,-6.0,BA/BS,0.0,FullTimer,7.0,1.0,Anime;Manga;Light Novels,OTHER,0.0,1.0,6.0,8.0,2.0,Fantasy,Comedy/SoL,0.0,1.0,No,0.0
16,1.0,Woman,0.0,Australia,11.0,BA/BS,1.0,Unemployed,7.0,0.0,Anime;Manga,AFSS,1.0,1.0,8.0,10.0,10.0,Comedy/SoL,SciFi/M&M,0.0,0.0,Yes,1.0
17,1.0,Man,0.0,North America,-5.0,HS,0.0,FullTimer,7.0,1.0,Anime;Manga;Visual Novels,AFSS,1.0,1.0,8.0,10.0,0.0,Psycho,Rom/Dram,0.0,1.0,No,1.0
18,1.0,Man,0.0,North America,-6.0,AA/AS,1.0,FullTimer,3.0,1.0,Anime;Manga;Doujinshi;Light Novels;Visual Novels,AFSS,1.0,1.0,7.0,8.0,5.0,Action,Rom/Dram,1.0,1.0,Maybe,1.0
19,1.0,Woman,1.0,North America,-5.0,AA/AS,0.0,PartTimer,4.0,1.0,Anime;Manga,OTHER,1.0,1.0,6.0,9.0,3.0,SciFi/M&M,Action,0.0,1.0,Yes,1.0
20,1.0,Man,0.0,North America,0.0,HS,1.0,PartTimer,7.0,0.0,Anime;Visual Novels,AFSS,1.0,1.0,8.0,10.0,5.0,Psycho,Action,0.0,0.0,Yes,1.0
21,2.0,Woman,1.0,North America,-8.0,BA/BS,0.0,FullTimer,3.0,1.0,Anime;Manga;Light Novels;Visual Novels,AFSS,1.0,1.0,7.0,8.0,7.0,Psycho,Supernatural,0.0,0.0,Maybe,1.0
22,1.0,Woman,1.0,North America,-6.0,HS,1.0,PartTimer,5.0,1.0,Anime;Manga;Light Novels;Visual Novels,AFSS,1.0,1.0,2.0,9.0,1.0,Psycho,Rom/Dram,0.0,0.0,Maybe,1.0
24,1.0,Man,0.0,Asia,8.0,HS,0.0,FullTimer,7.0,1.0,Anime;Manga;Visual Novels,OTHER,0.0,1.0,7.0,7.0,9.0,Action,Supernatural,0.0,0.0,Yes,1.0
25,1.0,Man,1.0,Europe,1.0,BA/BS,1.0,Unemployed,6.0,1.0,Anime;Manga,AFSS,1.0,0.0,3.0,9.0,7.0,Rom/Dram,Comedy/SoL,0.0,0.0,Yes,1.0
26,1.0,Man,0.0,Australia,13.0,HS,1.0,Unemployed,6.0,1.0,Anime;Manga;Doujinshi;Visual Novels,COPY,0.0,1.0,8.0,7.0,1.0,Comedy/SoL,Rom/Dram,1.0,1.0,No,0.0
28,1.0,Woman,0.0,Asia,5.5,BA/BS,1.0,Unemployed,7.0,1.0,Anime;Manga;Doujinshi,GSS,0.0,1.0,8.0,10.0,9.0,Action,Rom/Dram,0.0,1.0,Yes,1.0
29,1.0,Man,0.0,North America,-5.0,BA/BS,0.0,FullTimer,6.0,0.0,Anime;Manga,AFSS,1.0,1.0,9.0,10.0,4.0,Comedy/SoL,Action,0.0,0.0,Yes,1.0
31,1.0,Man,0.0,North America,-5.0,AA/AS,1.0,Unemployed,2.0,1.0,Anime;Manga;Doujinshi,AFSS,1.0,1.0,7.0,9.0,6.0,Action,SciFi/M&M,1.0,1.0,Yes,1.0
32,1.0,Man,0.0,North America,-5.0,AA/AS,1.0,Unemployed,2.0,1.0,Anime;Manga;Doujinshi,AFSS,1.0,1.0,7.0,9.0,6.0,Action,SciFi/M&M,1.0,1.0,Yes,1.0
33,1.0,Man,0.0,North America,-5.0,AA/AS,1.0,Unemployed,2.0,1.0,Anime;Manga;Doujinshi,AFSS,1.0,1.0,7.0,9.0,6.0,Action,SciFi/M&M,1.0,1.0,Yes,1.0
34,4.0,Woman,0.0,North America,-5.0,HS,0.0,FullTimer,7.0,1.0,Anime;Manga;Doujinshi,AFSS,1.0,0.0,9.0,9.0,1.0,Action,Psycho,0.0,1.0,No,0.0
35,1.0,Man,0.0,Europe,1.0,HSDropout,1.0,Unemployed,4.0,0.0,Anime;Manga,AFSS,1.0,1.0,7.0,9.0,6.0,Action,Comedy/SoL,1.0,1.0,Maybe,1.0
36,2.0,Man,0.0,North America,-5.0,BA/BS,0.0,FullTimer,7.0,1.0,Anime;Manga;Doujinshi;Light Novels;Visual Novels,OTHER,0.0,1.0,8.0,8.0,7.0,Comedy/SoL,Rom/Dram,0.0,1.0,Maybe,1.0
37,2.0,Woman,0.0,North America,-5.0,BA/BS,0.0,FullTimer,5.0,1.0,Anime;Manga;Doujinshi,AFSS,1.0,0.0,9.0,10.0,0.0,SciFi/M&M,Fantasy,1.0,1.0,Yes,1.0
38,1.0,Man,0.0,North America,-5.0,MS,1.0,PartTimer,5.0,1.0,Anime;Manga,OTHER,0.0,1.0,9.0,8.0,1.0,Rom/Dram,Action,0.0,1.0,No,1.0
39,1.0,Woman,1.0,North America,-5.0,HS,1.0,PartTimer,2.0,1.0,Anime;Visual Novels,AFSS,1.0,0.0,4.0,8.0,4.0,Rom/Dram,Comedy/SoL,0.0,0.0,Maybe,1.0
40,1.0,Man,0.0,North America,-5.0,HSDropout,1.0,Unemployed,7.0,1.0,Anime;Manga;Doujinshi;Light Novels,AFSS,0.0,1.0,7.0,9.0,8.0,Rom/Dram,Comedy/SoL,1.0,1.0,Yes,1.0
41,1.0,Man,0.0,North America,-8.0,AA/AS,1.0,Unemployed,6.0,1.0,Anime;Doujinshi,OTHER,1.0,0.0,9.0,8.0,5.0,Action,Rom/Dram,0.0,1.0,Maybe,1.0
42,1.0,Enby,1.0,North America,-6.0,AA/AS,1.0,Unemployed,4.0,1.0,Anime;Manga,GSS,1.0,1.0,8.0,8.0,3.0,Comedy/SoL,Psycho,1.0,1.0,Yes,1.0
43,0.0,Man,0.0,North America,-6.0,HSDropout,1.0,Unemployed,7.0,0.0,Anime;Manga;Doujinshi;Light Novels,AFSS,0.0,1.0,8.0,10.0,8.0,Psycho,SciFi/M&M,1.0,1.0,Yes,1.0
44,2.0,Man,0.0,North America,-5.0,HS,0.0,Unemployed,5.0,1.0,Anime;Manga;Light Novels;Visual Novels,GSS,1.0,0.0,0.0,10.0,0.0,Psycho,SciFi/M&M,0.0,0.0,Yes,1.0
45,1.0,Man,0.0,Asia,5.5,BA/BS,1.0,Unemployed,7.0,0.0,Anime;Doujinshi,OTHER,0.0,1.0,8.0,8.0,3.0,Comedy/SoL,Fantasy,0.0,1.0,Maybe,1.0
46,0.0,Man,1.0,North America,-5.0,HSDropout,1.0,Unemployed,6.0,0.0,Anime,GSS,0.0,1.0,8.0,8.0,2.0,Psycho,Comedy/SoL,1.0,0.0,Yes,1.0
47,1.0,Man,0.0,North America,-6.0,AA/AS,0.0,FullTimer,6.0,1.0,Anime,GSS,0.0,0.0,7.0,10.0,4.0,Supernatural,Action,0.0,0.0,Yes,1.0
48,3.0,Man,0.0,North America,-4.0,BA/BS,0.0,FullTimer,7.0,1.0,Anime;Light Novels;Visual Novels,AFSS,1.0,1.0,6.0,8.0,5.0,SciFi/M&M,Comedy/SoL,0.0,0.0,Maybe,1.0
49,1.0,Man,1.0,North America,-5.0,BA/BS,1.0,PartTimer,3.0,1.0,Anime;Manga,AFSS,1.0,1.0,7.0,9.0,5.0,Psycho,Comedy/SoL,1.0,1.0,Maybe,1.0
50,1.0,Man,0.0,Europe,1.0,HS,0.0,Unemployed,5.0,1.0,Anime;Manga;Doujinshi;Light Novels;Visual Novels,OTHER,0.0,1.0,5.0,8.0,4.0,Fantasy,Supernatural,1.0,1.0,Maybe,1.0
51,1.0,Man,0.0,North America,-5.0,BA/BS,1.0,PartTimer,7.0,0.0,Anime;Manga;Doujinshi;Light Novels;Visual Novels,AFSS,1.0,1.0,8.0,10.0,4.0,Action,Rom/Dram,1.0,1.0,Yes,1.0
52,1.0,Man,0.0,North America,-6.0,HS,0.0,FullTimer,6.0,1.0,Anime;Doujinshi,OTHER,0.0,1.0,7.0,10.0,3.0,Supernatural,Psycho,0.0,1.0,Maybe,1.0
53,3.0,Enby,0.0,North America,-5.0,HS,0.0,Unemployed,7.0,1.0,Anime;Manga;Doujinshi;Light Novels;Visual Novels,OTHER,0.0,1.0,0.0,0.0,5.0,Psycho,Supernatural,0.0,1.0,No,0.0
54,1.0,Man,0.0,North America,-8.0,BA/BS,1.0,Unemployed,2.0,1.0,Anime;Manga;Doujinshi;Light Novels,GSS,1.0,1.0,8.0,10.0,8.0,Comedy/SoL,Rom/Dram,0.0,1.0,Maybe,1.0
55,1.0,Man,0.0,South America,-6.0,BA/BS,0.0,FullTimer,4.0,0.0,Anime;Manga;Light Novels;Visual Novels,OTHER,1.0,1.0,8.0,10.0,9.0,Psycho,SciFi/M&M,0.0,1.0,No,1.0
56,1.0,Man,0.0,Europe,0.0,AA/AS,1.0,Unemployed,3.0,0.0,Anime,OTHER,0.0,1.0,6.0,8.0,0.0,Action,Supernatural,0.0,0.0,Yes,1.0
57,2.0,Woman,1.0,North America,-5.0,BA/BS,0.0,FullTimer,1.0,1.0,Anime;Manga;Doujinshi,AFSS,1.0,1.0,5.0,10.0,3.0,Supernatural,Rom/Dram,1.0,0.0,Yes,1.0
59,1.0,Man,0.0,Europe,0.0,BA/BS,1.0,Unemployed,4.0,1.0,Anime;Manga;Doujinshi;Light Novels,OTHER,0.0,1.0,7.0,8.0,5.0,Action,Fantasy,1.0,1.0,Yes,1.0
60,3.0,Man,0.0,North America,-8.0,BA/BS,0.0,FullTimer,4.0,0.0,Anime;Manga;Doujinshi;Visual Novels,AFSS,1.0,1.0,2.0,8.0,3.0,SciFi/M&M,Action,0.0,1.0,Maybe,1.0
61,1.0,Man,0.0,North America,-5.0,AA/AS,1.0,Unemployed,3.0,1.0,Anime,OTHER,1.0,1.0,7.0,9.0,7.0,Psycho,Rom/Dram,1.0,0.0,No,1.0
62,1.0,Man,0.0,North America,-5.0,HS,0.0,PartTimer,7.0,1.0,Anime;Manga;Doujinshi,OTHER,1.0,1.0,6.0,10.0,0.0,Action,Comedy/SoL,0.0,1.0,Maybe,1.0
63,1.0,Man,0.0,North America,-5.0,HSDropout,1.0,PartTimer,6.0,0.0,Anime;Manga,OTHER,0.0,1.0,8.0,10.0,6.0,Comedy/SoL,Rom/Dram,0.0,1.0,Yes,1.0
64,2.0,Man,0.0,Australia,13.0,BA/BS,0.0,Unemployed,2.0,1.0,Anime,OTHER,1.0,1.0,6.0,8.0,6.0,Action,Rom/Dram,1.0,1.0,Maybe,1.0
66,2.0,Man,0.0,North America,-5.0,BA/BS,0.0,FullTimer,7.0,0.0,Anime;Visual Novels,AFSS,1.0,0.0,8.0,7.0,3.0,Supernatural,Action,0.0,1.0,Maybe,1.0
67,1.0,Man,1.0,North America,-4.0,HSDropout,0.0,PartTimer,6.0,1.0,Anime;Manga;Doujinshi,AFSS,1.0,1.0,8.0,9.0,4.0,Action,Fantasy,0.0,1.0,Yes,1.0
68,1.0,Man,0.0,North America,-5.0,BA/BS,0.0,Unemployed,7.0,1.0,Anime;Manga;Doujinshi,AFSS,0.0,1.0,8.0,10.0,1.0,Rom/Dram,Psycho,1.0,1.0,Maybe,1.0
69,1.0,Woman,0.0,North America,-5.0,MS,0.0,FullTimer,7.0,0.0,Anime;Manga;Doujinshi,OTHER,0.0,1.0,8.0,8.0,5.0,Fantasy,Comedy/SoL,0.0,0.0,Maybe,1.0
70,0.0,Man,1.0,North America,-5.0,HSDropout,1.0,Unemployed,5.0,1.0,Anime;Manga,AFSS,0.0,0.0,8.0,9.0,5.0,Psycho,Action,0.0,1.0,Yes,0.0
71,1.0,Man,0.0,North America,-5.0,BA/BS,1.0,FullTimer,6.0,1.0,Anime;Manga,AFSS,1.0,0.0,7.0,9.0,4.0,Comedy/SoL,Action,0.0,0.0,Yes,1.0
72,2.0,Man,0.0,South America,-3.0,BA/BS,0.0,FullTimer,7.0,1.0,Anime;Light Novels;Visual Novels,OTHER,1.0,1.0,7.0,6.0,3.0,Rom/Dram,Comedy/SoL,1.0,1.0,Yes,1.0
73,1.0,Woman,0.0,North America,-6.0,BA/BS,0.0,FullTimer,3.0,0.0,Anime;Manga,OTHER,0.0,1.0,5.0,9.0,3.0,Psycho,Rom/Dram,0.0,0.0,Maybe,1.0
74,0.0,Man,0.0,North America,-7.0,HSDropout,1.0,Unemployed,6.0,1.0,Anime;Manga;Doujinshi;Light Novels;Visual Novels,OTHER,1.0,1.0,8.0,9.0,6.0,Fantasy,Action,0.0,1.0,No,1.0
75,2.0,Woman,1.0,North America,-5.0,MS,0.0,FullTimer,3.0,1.0,Anime;Manga;Doujinshi;Visual Novels,AFSS,1.0,1.0,10.0,10.0,7.0,Action,Psycho,1.0,0.0,Yes,1.0
76,3.0,Man,0.0,North America,-6.0,HS,0.0,FullTimer,7.0,1.0,Anime;Manga;Doujinshi;Light Novels;Visual Novels,AFSS,1.0,1.0,7.0,7.0,5.0,Fantasy,Comedy/SoL,0.0,1.0,No,0.0
77,2.0,Woman,0.0,North America,-5.0,BA/BS,0.0,FullTimer,6.0,1.0,Anime;Manga;Light Novels;Visual Novels,AFSS,1.0,0.0,8.0,9.0,6.0,Comedy/SoL,Rom/Dram,0.0,0.0,Maybe,1.0
78,4.0,Man,0.0,North America,-6.0,HS,0.0,FullTimer,7.0,0.0,Anime;Manga;Doujinshi;Light Novels,AFSS,1.0,1.0,8.0,9.0,7.0,Comedy/SoL,Fantasy,0.0,1.0,No,1.0
80,2.0,Man,0.0,North America,-8.0,BA/BS,0.0,FullTimer,7.0,1.0,Anime;Manga;Doujinshi,AFSS,1.0,1.0,7.0,8.0,5.0,SciFi/M&M,Comedy/SoL,1.0,1.0,Maybe,1.0
81,0.0,Woman,1.0,North America,-6.0,HSDropout,1.0,Unemployed,6.0,1.0,Anime;Manga;Doujinshi;Light Novels,OTHER,0.0,1.0,5.0,8.0,4.0,Psycho,Comedy/SoL,1.0,0.0,Yes,1.0
82,1.0,Man,0.0,North America,-6.0,BA/BS,0.0,FullTimer,7.0,0.0,Anime;Manga;Visual Novels,GSS,1.0,1.0,5.0,10.0,5.0,SciFi/M&M,Comedy/SoL,0.0,0.0,Yes,1.0
84,2.0,Man,0.0,Europe,0.0,BA/BS,0.0,FullTimer,7.0,1.0,Anime;Manga;Visual Novels,AFSS,1.0,1.0,7.0,9.0,8.0,Rom/Dram,Comedy/SoL,0.0,0.0,Maybe,1.0
85,2.0,Man,0.0,North America,-6.0,HS,0.0,FullTimer,3.0,1.0,Anime;Manga,AFSS,1.0,1.0,9.0,10.0,7.0,Action,Psycho,0.0,0.0,Maybe,1.0
86,1.0,Man,0.0,North America,-7.0,HS,1.0,Unemployed,4.0,0.0,Anime;Manga,OTHER,0.0,1.0,6.0,10.0,2.0,Psycho,Comedy/SoL,1.0,1.0,Maybe,1.0
87,1.0,Man,0.0,North America,-5.0,BA/BS,1.0,PartTimer,4.0,0.0,Anime;Visual Novels,AFSS,1.0,0.0,8.0,9.0,7.0,Action,Psycho,0.0,1.0,Yes,1.0
88,1.0,Man,0.0,North America,-5.0,HS,1.0,PartTimer,7.0,0.0,Anime;Manga;Light Novels;Visual Novels,OTHER,0.0,1.0,7.0,8.0,4.0,Rom/Dram,Psycho,1.0,0.0,Maybe,1.0
90,1.0,Man,0.0,North America,-8.0,BA/BS,1.0,Unemployed,4.0,0.0,Anime,GSS,0.0,1.0,6.0,9.0,7.0,Psycho,Rom/Dram,0.0,0.0,Yes,1.0
91,1.0,Man,0.0,North America,-5.0,HS,1.0,Unemployed,6.0,1.0,Anime;Manga;Doujinshi;Light Novels;Visual Novels,OTHER,1.0,1.0,7.0,9.0,8.0,Action,Rom/Dram,0.0,1.0,No,1.0
92,2.0,Woman,0.0,Asia,-6.0,MS,0.0,FullTimer,7.0,1.0,Anime;Manga;Doujinshi;Light Novels;Visual Novels,AFSS,1.0,1.0,7.0,8.0,5.0,Supernatural,Fantasy,1.0,1.0,Maybe,1.0
93,1.0,Man,0.0,North America,-5.0,AA/AS,1.0,PartTimer,7.0,0.0,Anime;Manga,AFSS,1.0,1.0,5.0,5.0,5.0,Fantasy,Rom/Dram,0.0,1.0,Maybe,1.0
94,1.0,Man,0.0,North America,-5.0,AA/AS,1.0,PartTimer,7.0,1.0,Anime;Manga;Doujinshi;Light Novels,AFSS,1.0,1.0,8.0,7.0,8.0,Comedy/SoL,Action,0.0,1.0,Maybe,1.0
95,1.0,Man,1.0,North America,-6.0,BA/BS,1.0,FullTimer,3.0,0.0,Anime,OTHER,0.0,1.0,7.0,10.0,2.0,Rom/Dram,Action,0.0,0.0,Maybe,1.0
96,1.0,Man,0.0,North America,0.0,T/VS,0.0,FullTimer,4.0,1.0,Anime;Light Novels;Visual Novels,AFSS,1.0,1.0,5.0,7.0,3.0,Fantasy,Rom/Dram,1.0,1.0,No,1.0
97,1.0,Woman,0.0,North America,-5.0,BA/BS,1.0,PartTimer,7.0,1.0,Anime,OTHER,0.0,1.0,7.0,9.0,7.0,Action,Comedy/SoL,0.0,1.0,Yes,1.0
98,1.0,Man,1.0,Asia,0.0,BA/BS,1.0,Unemployed,4.0,1.0,Anime;Manga,OTHER,0.0,1.0,6.0,6.0,7.0,Psycho,Action,0.0,1.0,Maybe,1.0
100,0.0,Man,0.0,North America,-6.0,HSDropout,1.0,Unemployed,5.0,0.0,Anime;Manga;Doujinshi,AFSS,1.0,1.0,6.0,8.0,4.0,Rom/Dram,Comedy/SoL,0.0,1.0,Maybe,0.0
101,0.0,Man,0.0,North America,-8.0,HSDropout,1.0,Unemployed,7.0,1.0,Anime;Manga;Doujinshi;Light Novels;Visual Novels,AFSS,1.0,1.0,6.0,8.0,5.0,Psycho,Supernatural,0.0,1.0,Maybe,1.0
102,1.0,Man,0.0,North America,-6.0,BA/BS,0.0,FullTimer,4.0,0.0,Anime;Manga,OTHER,0.0,0.0,8.0,10.0,7.0,Rom/Dram,Action,0.0,1.0,Maybe,1.0
103,2.0,Man,0.0,North America,-6.0,MS,0.0,Unemployed,5.0,1.0,Anime;Manga,AFSS,1.0,0.0,7.0,10.0,5.0,SciFi/M&M,Action,0.0,0.0,Yes,1.0
104,2.0,Enby,1.0,Europe,0.0,HSDropout,0.0,FullTimer,1.0,1.0,Anime,OTHER,0.0,1.0,10.0,6.0,7.0,Comedy/SoL,Rom/Dram,0.0,0.0,Yes,0.0
105,2.0,Man,0.0,North America,-6.0,BA/BS,0.0,Unemployed,7.0,1.0,Anime,AFSS,1.0,1.0,7.0,8.0,8.0,Action,Fantasy,0.0,1.0,Yes,1.0
106,0.0,Man,0.0,Europe,1.0,HSDropout,1.0,Unemployed,7.0,0.0,Anime;Manga;Doujinshi;Light Novels,AFSS,1.0,1.0,6.0,8.0,8.0,Fantasy,Supernatural,1.0,1.0,Maybe,1.0
107,1.0,Man,0.0,North America,-8.0,HS,0.0,Unemployed,7.0,1.0,Anime;Manga,OTHER,0.0,1.0,7.0,9.0,8.0,Psycho,Action,0.0,1.0,Yes,1.0
108,1.0,Enby,1.0,North America,-7.0,MS,0.0,Unemployed,2.0,1.0,Anime;Visual Novels,GSS,1.0,1.0,7.0,8.0,3.0,Comedy/SoL,Action,0.0,1.0,Yes,1.0
109,2.0,Man,0.0,North America,-5.0,HS,1.0,Unemployed,6.0,1.0,Anime;Manga,OTHER,0.0,1.0,8.0,9.0,7.0,Fantasy,Action,0.0,1.0,Maybe,1.0
110,1.0,Enby,1.0,North America,-7.0,MS,1.0,FullTimer,1.0,1.0,Anime;Doujinshi;Light Novels,AFSS,1.0,1.0,9.0,10.0,8.0,Comedy/SoL,Psycho,0.0,1.0,Yes,1.0
111,1.0,Man,0.0,North America,-8.0,HS,1.0,Unemployed,2.0,1.0,Anime;Manga,OTHER,1.0,1.0,9.0,9.0,0.0,Action,SciFi/M&M,0.0,0.0,Yes,1.0
112,0.0,Man,0.0,North America,-5.0,HSDropout,1.0,Unemployed,7.0,1.0,Anime;Manga,OTHER,0.0,1.0,7.0,6.0,7.0,Action,Comedy/SoL,0.0,0.0,No,1.0
113,1.0,Man,0.0,Europe,2.0,HSDropout,1.0,Unemployed,7.0,0.0,Anime,AFSS,0.0,1.0,9.0,6.0,6.0,Action,Supernatural,0.0,0.0,No,1.0
114,0.0,Man,0.0,North America,-6.0,HSDropout,1.0,Unemployed,6.0,1.0,Anime;Doujinshi,AFSS,0.0,1.0,7.0,8.0,3.0,Fantasy,Action,1.0,1.0,No,0.0
116,1.0,Man,0.0,North America,-5.0,HS,1.0,Unemployed,5.0,1.0,Anime,GSS,0.0,0.0,5.0,8.0,7.0,Action,Fantasy,0.0,0.0,Maybe,1.0
117,1.0,Man,0.0,North America,-8.0,HS,1.0,PartTimer,4.0,1.0,Anime;Manga;Light Novels;Visual Novels,AFSS,0.0,1.0,8.0,9.0,0.0,Comedy/SoL,Rom/Dram,1.0,0.0,Yes,1.0
118,1.0,Man,1.0,North America,-6.0,BA/BS,1.0,Unemployed,7.0,1.0,Anime;Manga;Doujinshi;Visual Novels,OTHER,0.0,1.0,7.0,5.0,3.0,SciFi/M&M,Comedy/SoL,0.0,1.0,No,1.0
119,1.0,Man,0.0,Europe,2.0,HS,1.0,Unemployed,2.0,1.0,Anime,OTHER,0.0,1.0,6.0,10.0,5.0,Action,Rom/Dram,0.0,1.0,Maybe,1.0
120,1.0,Man,0.0,North America,2.0,HS,1.0,PartTimer,6.0,1.0,Anime,AFSS,1.0,1.0,8.0,10.0,6.0,Action,Psycho,0.0,0.0,Yes,1.0
121,1.0,Man,0.0,North America,-5.0,MS,1.0,Unemployed,7.0,0.0,Anime;Manga;Doujinshi;Light Novels;Visual Novels,AFSS,1.0,1.0,6.0,6.0,5.0,Psycho,SciFi/M&M,1.0,1.0,No,1.0
122,2.0,Man,0.0,North America,-8.0,MS,0.0,FullTimer,3.0,1.0,Anime,AFSS,1.0,1.0,7.0,9.0,6.0,Psycho,Supernatural,0.0,1.0,Yes,1.0
123,1.0,Man,0.0,North America,-8.0,HS,0.0,Unemployed,3.0,1.0,Anime;Manga,OTHER,1.0,1.0,7.0,10.0,5.0,Action,Psycho,0.0,0.0,Maybe,1.0
124,1.0,Woman,1.0,North America,-5.0,BA/BS,1.0,Unemployed,6.0,1.0,Anime;Manga;Visual Novels,OTHER,1.0,1.0,8.0,6.0,2.0,Comedy/SoL,Rom/Dram,1.0,1.0,Yes,1.0
125,2.0,Man,0.0,North America,-5.0,MS,0.0,FullTimer,6.0,1.0,Anime;Manga;Doujinshi,AFSS,1.0,1.0,4.0,8.0,2.0,Supernatural,Rom/Dram,0.0,1.0,No,1.0
126,1.0,Man,0.0,Asia,7.0,BA/BS,1.0,Unemployed,6.0,1.0,Anime;Manga;Doujinshi,GSS,0.0,1.0,8.0,10.0,8.0,Comedy/SoL,Rom/Dram,1.0,1.0,Yes,1.0
127,1.0,Man,0.0,Europe,1.0,HSDropout,1.0,PartTimer,6.0,1.0,Anime;Manga,OTHER,1.0,1.0,5.0,9.0,4.0,Rom/Dram,Comedy/SoL,0.0,1.0,Maybe,1.0
128,1.0,Man,0.0,North America,-8.0,BA/BS,0.0,FullTimer,7.0,1.0,Anime;Manga;Doujinshi;Light Novels,OTHER,0.0,1.0,8.0,9.0,6.0,Fantasy,Comedy/SoL,0.0,1.0,No,1.0
129,1.0,Man,0.0,Australia,11.0,HS,1.0,Unemployed,2.0,1.0,Anime;Manga;Doujinshi,OTHER,0.0,1.0,7.0,9.0,7.0,Action,Supernatural,0.0,1.0,Maybe,1.0
130,3.0,Man,0.0,North America,-7.0,BA/BS,0.0,Unemployed,7.0,1.0,Anime;Manga;Doujinshi;Light Novels;Visual Novels,AFSS,1.0,1.0,7.0,9.0,7.0,SciFi/M&M,Comedy/SoL,1.0,1.0,No,1.0
132,2.0,Man,0.0,Europe,1.0,T/VS,0.0,FullTimer,4.0,1.0,Anime;Visual Novels,AFSS,0.0,0.0,6.0,9.0,3.0,Comedy/SoL,Rom/Dram,0.0,0.0,Yes,1.0
133,2.0,Woman,0.0,Australia,10.0,MS,0.0,FullTimer,2.0,0.0,Anime;Manga,AFSS,1.0,1.0,7.0,9.0,5.0,Supernatural,Comedy/SoL,0.0,0.0,Yes,1.0
134,1.0,Man,0.0,North America,-5.0,BA/BS,1.0,FullTimer,7.0,1.0,Anime;Doujinshi,AFSS,1.0,1.0,6.0,8.0,7.0,Comedy/SoL,Action,0.0,1.0,Yes,1.0
135,3.0,Man,0.0,Europe,1.0,HS,0.0,FullTimer,4.0,1.0,Anime;Manga,AFSS,1.0,1.0,8.0,8.0,8.0,Fantasy,Supernatural,0.0,1.0,No,1.0
136,1.0,Man,1.0,North America,-6.0,HS,1.0,PartTimer,7.0,0.0,Anime;Manga;Light Novels;Visual Novels,AFSS,1.0,1.0,3.0,10.0,8.0,Psycho,Comedy/SoL,1.0,0.0,Yes,1.0
137,2.0,Man,0.0,North America,-6.0,MS,1.0,PartTimer,7.0,0.0,Anime;Manga;Light Novels,AFSS,0.0,1.0,8.0,7.0,0.0,Rom/Dram,Comedy/SoL,0.0,1.0,No,0.0
138,1.0,Man,0.0,North America,-8.0,HS,0.0,PartTimer,7.0,1.0,Anime;Manga;Doujinshi,AFSS,1.0,0.0,9.0,9.0,8.0,Action,Comedy/SoL,0.0,1.0,Yes,1.0
139,0.0,Man,0.0,Asia,8.0,HSDropout,1.0,Unemployed,7.0,1.0,Anime;Manga;Light Novels;Visual Novels,OTHER,0.0,1.0,7.0,9.0,10.0,Fantasy,Supernatural,1.0,0.0,Maybe,1.0
140,3.0,Man,0.0,Asia,8.0,BA/BS,0.0,Unemployed,4.0,1.0,Anime;Manga,OTHER,0.0,1.0,8.0,9.0,7.0,Action,SciFi/M&M,0.0,0.0,Yes,1.0
141,1.0,Man,0.0,Australia,11.0,HS,1.0,Unemployed,7.0,0.0,Anime,OTHER,0.0,1.0,9.0,10.0,7.0,Rom/Dram,Action,0.0,1.0,Yes,1.0
142,1.0,Man,0.0,North America,-5.0,HS,1.0,FullTimer,2.0,0.0,Anime,AFSS,0.0,0.0,9.0,6.0,8.0,Fantasy,Comedy/SoL,0.0,1.0,Maybe,1.0
143,3.0,Man,0.0,Asia,8.0,BA/BS,0.0,FullTimer,3.0,1.0,Anime;Manga;Visual Novels,OTHER,0.0,1.0,7.0,7.0,3.0,Psycho,Comedy/SoL,1.0,0.0,Maybe,1.0
145,1.0,Man,0.0,Europe,2.0,BA/BS,0.0,FullTimer,6.0,1.0,Anime;Manga;Doujinshi;Light Novels,OTHER,1.0,1.0,8.0,7.0,1.0,Supernatural,Comedy/SoL,1.0,1.0,Maybe,1.0
146,1.0,Woman,1.0,Asia,8.0,HSDropout,1.0,Unemployed,2.0,1.0,Anime;Manga,OTHER,0.0,1.0,6.0,8.0,6.0,Action,Rom/Dram,0.0,0.0,Maybe,1.0
147,1.0,Man,0.0,North America,-5.0,HS,1.0,Unemployed,3.0,1.0,Anime,AFSS,1.0,1.0,5.0,8.0,6.0,Action,SciFi/M&M,0.0,0.0,Yes,1.0
148,2.0,Enby,0.0,North America,-7.0,PhD,0.0,FullTimer,2.0,1.0,Anime;Manga;Doujinshi;Visual Novels,OTHER,0.0,1.0,10.0,7.0,5.0,Psycho,Rom/Dram,0.0,1.0,Maybe,1.0
149,1.0,Man,0.0,North America,-8.0,BA/BS,0.0,Unemployed,5.0,1.0,Anime,AFSS,0.0,1.0,8.0,5.0,2.0,SciFi/M&M,Psycho,0.0,0.0,No,1.0
150,2.0,Man,0.0,North America,-5.0,BA/BS,0.0,FullTimer,1.0,1.0,Anime,AFSS,1.0,0.0,8.0,8.0,7.0,Action,Comedy/SoL,0.0,1.0,Yes,1.0
151,2.0,Man,0.0,North America,-5.0,BA/BS,0.0,FullTimer,7.0,1.0,Anime;Manga;Doujinshi,OTHER,0.0,1.0,7.0,5.0,8.0,Comedy/SoL,Fantasy,1.0,1.0,Maybe,1.0
152,1.0,Man,0.0,North America,-8.0,HS,1.0,PartTimer,3.0,0.0,Anime;Manga,OTHER,1.0,1.0,8.0,8.0,3.0,Action,Comedy/SoL,0.0,0.0,Maybe,1.0
153,1.0,Man,0.0,Asia,5.75,MS,1.0,Unemployed,7.0,0.0,Anime,OTHER,0.0,1.0,4.0,7.0,7.0,Fantasy,Comedy/SoL,1.0,1.0,Maybe,1.0
154,0.0,Woman,0.0,Europe,1.0,HS,1.0,Unemployed,5.0,1.0,Anime;Manga;Light Novels,OTHER,0.0,1.0,7.0,7.0,6.0,Supernatural,Comedy/SoL,1.0,1.0,Yes,1.0
156,1.0,Man,0.0,North America,-6.0,HS,1.0,Unemployed,5.0,1.0,Anime;Manga,OTHER,0.0,1.0,7.0,8.0,7.0,Action,Supernatural,1.0,0.0,No,1.0
157,1.0,Man,1.0,North America,-6.0,HS,0.0,FullTimer,2.0,1.0,Anime;Manga;Light Novels;Visual Novels,GSS,1.0,1.0,8.0,10.0,5.0,Psycho,SciFi/M&M,1.0,0.0,Yes,1.0
158,1.0,Woman,1.0,North America,-8.0,BA/BS,0.0,FullTimer,7.0,1.0,Anime;Manga;Doujinshi,AFSS,1.0,1.0,9.0,9.0,5.0,Action,Rom/Dram,0.0,1.0,Yes,1.0
160,1.0,Man,0.0,Asia,5.5,BA/BS,1.0,Unemployed,7.0,1.0,Anime;Manga;Light Novels,OTHER,0.0,1.0,4.0,8.0,6.0,Supernatural,Psycho,1.0,0.0,Maybe,1.0
161,0.0,Man,0.0,Australia,11.0,HSDropout,1.0,Unemployed,5.0,1.0,Anime;Manga;Visual Novels,AFSS,1.0,1.0,8.0,8.0,5.0,Action,Rom/Dram,0.0,0.0,Yes,1.0
162,1.0,Woman,0.0,North America,-5.0,BA/BS,1.0,PartTimer,6.0,0.0,Anime;Manga,AFSS,1.0,1.0,8.0,9.0,0.0,Psycho,Action,0.0,1.0,Maybe,1.0
163,1.0,Enby,1.0,North America,-6.0,HSDropout,0.0,PartTimer,5.0,1.0,Anime;Manga,AFSS,1.0,1.0,10.0,10.0,9.0,SciFi/M&M,Comedy/SoL,1.0,1.0,Yes,1.0
164,2.0,Man,0.0,North America,-8.0,BA/BS,1.0,Unemployed,4.0,0.0,Anime;Manga,OTHER,1.0,1.0,8.0,8.0,6.0,Action,Comedy/SoL,0.0,0.0,No,1.0
165,1.0,Man,0.0,North America,-8.0,HS,1.0,Unemployed,3.0,0.0,Anime;Manga,GSS,0.0,1.0,7.0,6.0,5.0,Action,Rom/Dram,0.0,1.0,Maybe,1.0
167,1.0,Man,1.0,South America,-3.0,BA/BS,1.0,Unemployed,7.0,1.0,Anime;Manga,OTHER,1.0,1.0,10.0,10.0,0.0,Supernatural,Comedy/SoL,0.0,1.0,No,1.0
168,1.0,Enby,1.0,Europe,1.0,HS,1.0,PartTimer,4.0,1.0,Anime;Manga;Visual Novels,GSS,0.0,0.0,6.0,8.0,7.0,Psycho,Action,0.0,0.0,Yes,1.0
170,1.0,Man,0.0,North America,-8.0,BA/BS,0.0,FullTimer,3.0,0.0,Anime;Manga,AFSS,1.0,1.0,8.0,8.0,4.0,Fantasy,Action,0.0,1.0,Maybe,1.0
171,2.0,Man,0.0,Asia,8.5,BA/BS,0.0,FullTimer,7.0,0.0,Anime;Manga;Doujinshi;Light Novels;Visual Novels,COPY,0.0,1.0,7.0,10.0,0.0,Psycho,Rom/Dram,0.0,1.0,Yes,1.0
174,1.0,Man,0.0,Asia,5.5,BA/BS,1.0,Unemployed,3.0,1.0,Anime,OTHER,0.0,1.0,8.0,10.0,7.0,SciFi/M&M,Action,0.0,1.0,Maybe,1.0
175,1.0,Man,0.0,Europe,1.0,HSDropout,1.0,Unemployed,7.0,0.0,Anime;Manga;Doujinshi;Light Novels;Visual Novels,OTHER,0.0,1.0,8.0,10.0,4.0,Psycho,Comedy/SoL,1.0,1.0,No,1.0
176,1.0,Man,1.0,North America,-5.0,HS,1.0,Unemployed,5.0,1.0,Anime;Manga;Doujinshi;Light Novels;Visual Novels,OTHER,0.0,1.0,7.0,8.0,8.0,Fantasy,SciFi/M&M,1.0,1.0,Yes,1.0
177,0.0,Man,0.0,North America,-8.0,HSDropout,1.0,Unemployed,6.0,1.0,Anime;Manga;Doujinshi;Visual Novels,OTHER,0.0,1.0,8.0,10.0,5.0,Action,Rom/Dram,1.0,1.0,Yes,1.0
178,1.0,Man,0.0,North America,-6.0,AA/AS,1.0,Unemployed,5.0,1.0,Anime;Manga,OTHER,1.0,1.0,8.0,8.0,6.0,Action,Supernatural,0.0,0.0,Yes,1.0
179,1.0,Man,0.0,North America,-6.0,HS,1.0,Unemployed,3.0,0.0,Anime,OTHER,0.0,1.0,8.0,6.0,3.0,Action,Supernatural,1.0,0.0,Yes,1.0
180,1.0,Man,1.0,North America,-5.0,HS,1.0,Unemployed,7.0,1.0,Anime;Manga;Doujinshi,OTHER,0.0,1.0,10.0,7.0,3.0,Comedy/SoL,Action,1.0,1.0,Yes,1.0
181,1.0,Man,0.0,North America,-5.0,HS,1.0,PartTimer,5.0,1.0,Anime;Manga;Light Novels,OTHER,1.0,1.0,8.0,9.0,5.0,Psycho,Rom/Dram,0.0,0.0,Maybe,1.0
183,1.0,Man,0.0,Australia,10.0,HS,1.0,Unemployed,6.0,0.0,Anime;Manga,AFSS,1.0,1.0,7.0,10.0,0.0,Psycho,Action,1.0,0.0,Yes,1.0
184,4.0,Man,0.0,North America,-7.0,MS,0.0,FullTimer,2.0,0.0,Anime,OTHER,0.0,1.0,7.0,7.0,7.0,Fantasy,Comedy/SoL,0.0,0.0,No,1.0
185,1.0,Man,0.0,North America,-5.0,AA/AS,0.0,FullTimer,5.0,1.0,Anime;Manga,GSS,1.0,1.0,4.0,10.0,8.0,Action,Psycho,0.0,0.0,Maybe,1.0
186,1.0,Man,0.0,Australia,10.0,BA/BS,1.0,FullTimer,7.0,0.0,Anime;Manga;Light Novels;Visual Novels,OTHER,1.0,1.0,8.0,8.0,8.0,SciFi/M&M,Comedy/SoL,0.0,1.0,No,1.0
187,1.0,Man,0.0,North America,-5.0,HS,1.0,Unemployed,7.0,1.0,Anime;Manga;Doujinshi,OTHER,1.0,1.0,7.0,9.0,3.0,Psycho,SciFi/M&M,1.0,1.0,Yes,1.0
188,1.0,Man,0.0,North America,-8.0,BA/BS,0.0,PartTimer,7.0,1.0,Anime;Manga;Doujinshi;Visual Novels,AFSS,1.0,1.0,8.0,7.0,2.0,Comedy/SoL,Action,1.0,1.0,Yes,1.0
190,1.0,Man,1.0,Europe,1.0,HS,1.0,FullTimer,5.0,1.0,Anime;Visual Novels,OTHER,0.0,0.0,7.0,10.0,4.0,Fantasy,Rom/Dram,0.0,0.0,Yes,1.0
191,1.0,Man,0.0,North America,-5.0,BA/BS,1.0,Unemployed,7.0,1.0,Anime;Manga,AFSS,1.0,1.0,6.0,10.0,3.0,Action,Supernatural,0.0,1.0,Maybe,1.0
192,1.0,Man,0.0,North America,-5.0,BA/BS,1.0,Unemployed,4.0,1.0,Anime;Manga,GSS,0.0,1.0,0.0,10.0,5.0,Action,Psycho,0.0,0.0,Yes,1.0
193,1.0,Man,0.0,North America,-6.0,T/VS,0.0,PartTimer,7.0,0.0,Anime,AFSS,1.0,1.0,3.0,7.0,5.0,Fantasy,SciFi/M&M,0.0,1.0,Yes,1.0
194,1.0,Man,0.0,Asia,8.0,BA/BS,0.0,FullTimer,7.0,1.0,Anime;Manga;Doujinshi,OTHER,0.0,1.0,7.0,8.0,5.0,Comedy/SoL,Fantasy,0.0,1.0,Maybe,1.0
195,1.0,Woman,0.0,North America,-3.5,HS,1.0,PartTimer,4.0,1.0,Anime;Manga;Doujinshi;Visual Novels,GSS,0.0,1.0,8.0,7.0,8.0,Action,Comedy/SoL,0.0,1.0,Yes,1.0
196,1.0,Man,0.0,Europe,2.0,BA/BS,0.0,FullTimer,4.0,1.0,Anime,AFSS,1.0,1.0,8.0,9.0,5.0,Comedy/SoL,Rom/Dram,0.0,0.0,Maybe,1.0
197,1.0,Man,0.0,North America,-8.0,MS,1.0,FullTimer,2.0,1.0,Anime,OTHER,0.0,1.0,7.0,9.0,2.0,Action,Rom/Dram,0.0,0.0,Yes,1.0
198,1.0,Man,0.0,North America,-6.0,HS,1.0,PartTimer,7.0,1.0,Anime;Manga;Doujinshi;Light Novels,OTHER,0.0,1.0,8.0,8.0,10.0,Rom/Dram,Fantasy,1.0,1.0,Yes,1.0
199,2.0,Woman,0.0,North America,-6.0,AA/AS,1.0,PartTimer,5.0,1.0,Anime;Manga,GSS,1.0,0.0,10.0,10.0,4.0,Action,Rom/Dram,0.0,1.0,Maybe,1.0
200,1.0,Man,0.0,North America,-8.0,BA/BS,0.0,FullTimer,2.0,0.0,Anime;Manga,AFSS,1.0,1.0,8.0,9.0,5.0,SciFi/M&M,Psycho,0.0,0.0,No,1.0
201,0.0,Woman,0.0,Asia,0.0,HSDropout,1.0,Unemployed,4.0,1.0,Anime;Manga;Doujinshi,OTHER,0.0,1.0,10.0,5.0,7.0,Psycho,SciFi/M&M,1.0,1.0,Yes,1.0
202,2.0,Man,0.0,Europe,1.0,T/VS,1.0,PartTimer,6.0,1.0,Anime;Manga;Light Novels,AFSS,1.0,1.0,7.0,8.0,6.0,Psycho,Action,0.0,1.0,Yes,1.0
204,1.0,Man,0.0,North America,-8.0,HS,1.0,Unemployed,2.0,1.0,Anime;Manga;Visual Novels,AFSS,1.0,1.0,8.0,9.0,5.0,Action,Comedy/SoL,0.0,1.0,Yes,1.0
205,1.0,Man,0.0,North America,-8.0,BA/BS,1.0,PartTimer,1.0,1.0,Anime;Visual Novels,OTHER,0.0,1.0,8.0,10.0,8.0,Psycho,Comedy/SoL,0.0,1.0,Yes,1.0
206,1.0,Man,0.0,Australia,-3.0,HS,1.0,PartTimer,6.0,0.0,Anime;Manga,AFSS,1.0,1.0,8.0,10.0,0.0,Action,Comedy/SoL,0.0,0.0,Maybe,0.0
207,1.0,Woman,0.0,Europe,0.0,HSDropout,1.0,Unemployed,7.0,1.0,Anime;Manga,OTHER,0.0,1.0,6.0,7.0,7.0,Action,Comedy/SoL,0.0,0.0,Yes,1.0
208,1.0,Man,0.0,Asia,7.0,BA/BS,1.0,Unemployed,6.0,1.0,Anime;Manga;Light Novels,GSS,1.0,1.0,7.0,9.0,8.0,Action,Comedy/SoL,0.0,0.0,No,1.0
209,0.0,Woman,1.0,Asia,5.5,HSDropout,1.0,Unemployed,6.0,0.0,Anime;Manga,GSS,0.0,0.0,8.0,9.0,5.0,Psycho,Rom/Dram,1.0,1.0,Maybe,1.0
210,2.0,Man,0.0,Europe,1.0,HS,1.0,PartTimer,7.0,0.0,Anime;Doujinshi,AFSS,1.0,1.0,5.0,8.0,8.0,Comedy/SoL,Rom/Dram,1.0,1.0,No,0.0
211,1.0,Man,0.0,North America,-5.0,HS,1.0,PartTimer,5.0,1.0,Anime,OTHER,0.0,1.0,6.0,8.0,7.0,Action,Supernatural,0.0,0.0,Yes,1.0
212,1.0,Woman,1.0,Europe,1.0,BA/BS,1.0,Unemployed,7.0,1.0,Anime;Manga;Light Novels;Visual Novels,AFSS,1.0,1.0,7.0,8.0,8.0,Fantasy,Rom/Dram,0.0,0.0,Yes,1.0
213,0.0,Woman,1.0,Asia,5.5,HSDropout,1.0,Unemployed,6.0,0.0,Anime;Manga,OTHER,0.0,0.0,7.0,9.0,5.0,Psycho,Rom/Dram,1.0,1.0,Maybe,1.0
214,0.0,Man,0.0,North America,-8.0,HSDropout,1.0,Unemployed,7.0,1.0,Anime;Manga,OTHER,0.0,1.0,5.0,10.0,8.0,Comedy/SoL,Action,0.0,0.0,Maybe,1.0
215,1.0,Man,0.0,Australia,11.0,BA/BS,1.0,Unemployed,3.0,0.0,Anime;Visual Novels,AFSS,0.0,0.0,2.0,9.0,8.0,Fantasy,SciFi/M&M,0.0,1.0,No,1.0
216,0.0,Man,0.0,North America,-5.0,HS,1.0,Unemployed,4.0,1.0,Anime;Manga,AFSS,1.0,0.0,4.0,9.0,8.0,Psycho,SciFi/M&M,0.0,0.0,Maybe,1.0
217,3.0,Man,0.0,North America,-8.0,HS,0.0,Unemployed,7.0,1.0,Anime;Manga;Doujinshi,AFSS,0.0,1.0,6.0,8.0,5.0,Comedy/SoL,Action,0.0,1.0,Maybe,1.0
218,1.0,Man,0.0,Asia,-6.0,BA/BS,1.0,Unemployed,3.0,1.0,Anime;Manga;Light Novels;Visual Novels,OTHER,1.0,1.0,5.0,10.0,3.0,Psycho,Comedy/SoL,1.0,1.0,No,1.0
219,1.0,Man,0.0,Europe,1.0,BA/BS,0.0,FullTimer,6.0,1.0,Anime;Manga,AFSS,1.0,1.0,7.0,7.0,2.0,Comedy/SoL,Rom/Dram,0.0,1.0,Maybe,1.0
221,1.0,Man,0.0,North America,-5.0,HS,0.0,FullTimer,7.0,0.0,Anime,AFSS,1.0,1.0,10.0,10.0,10.0,Rom/Dram,SciFi/M&M,0.0,1.0,Yes,1.0
222,1.0,Man,0.0,North America,-8.0,HS,1.0,Unemployed,7.0,0.0,Anime;Manga;Doujinshi;Light Novels;Visual Novels,OTHER,0.0,1.0,4.0,8.0,5.0,Action,Comedy/SoL,1.0,1.0,Maybe,1.0
223,1.0,Man,0.0,Europe,0.0,MS,0.0,FullTimer,7.0,1.0,Anime;Manga;Visual Novels,COPY,1.0,1.0,6.0,10.0,7.0,Rom/Dram,Comedy/SoL,0.0,0.0,Maybe,1.0
224,2.0,Man,0.0,Europe,1.0,MS,0.0,FullTimer,5.0,1.0,Anime;Manga;Light Novels;Visual Novels,OTHER,0.0,1.0,6.0,8.0,1.0,Fantasy,Comedy/SoL,0.0,1.0,Yes,1.0
225,1.0,Man,0.0,Europe,1.0,HS,1.0,Unemployed,7.0,1.0,Anime;Manga;Doujinshi;Light Novels;Visual Novels,OTHER,0.0,1.0,8.0,7.0,6.0,Psycho,Action,0.0,1.0,No,1.0
226,2.0,Woman,0.0,Europe,2.0,BA/BS,1.0,FullTimer,6.0,1.0,Anime;Manga,OTHER,1.0,1.0,4.0,8.0,6.0,Rom/Dram,Comedy/SoL,1.0,1.0,Maybe,1.0
228,2.0,Man,0.0,Europe,0.0,BA/BS,0.0,FullTimer,7.0,1.0,Anime;Manga,OTHER,0.0,1.0,3.0,7.0,4.0,Action,SciFi/M&M,0.0,0.0,Maybe,1.0
229,1.0,Man,0.0,Europe,1.0,MS,1.0,Unemployed,3.0,1.0,Anime;Manga;Light Novels,OTHER,0.0,1.0,7.0,6.0,2.0,Action,Comedy/SoL,0.0,1.0,Maybe,1.0
230,0.0,Man,0.0,Europe,0.0,HSDropout,1.0,Unemployed,4.0,1.0,Anime,OTHER,0.0,1.0,4.0,7.0,5.0,Rom/Dram,Comedy/SoL,0.0,0.0,No,1.0
231,3.0,Enby,0.0,North America,-9.0,AA/AS,0.0,FullTimer,7.0,1.0,Anime;Manga;Doujinshi,OTHER,0.0,1.0,8.0,5.0,3.0,Comedy/SoL,Fantasy,0.0,1.0,Yes,0.0
232,1.0,Man,0.0,North America,-6.0,BA/BS,0.0,PartTimer,5.0,1.0,Anime;Manga;Light Novels,AFSS,1.0,1.0,6.0,10.0,4.0,Psycho,Comedy/SoL,0.0,1.0,Maybe,1.0
233,1.0,Man,0.0,North America,-7.0,BA/BS,1.0,PartTimer,4.0,1.0,Anime;Manga,AFSS,1.0,1.0,7.0,10.0,5.0,Action,Psycho,1.0,0.0,Maybe,1.0
234,2.0,Man,0.0,Europe,1.0,MS,1.0,PartTimer,4.0,1.0,Anime;Manga,AFSS,0.0,1.0,9.0,7.0,4.0,Comedy/SoL,Fantasy,0.0,1.0,Yes,1.0
235,1.0,Woman,0.0,Europe,2.0,BA/BS,0.0,PartTimer,4.0,1.0,Anime;Manga;Doujinshi;Visual Novels,GSS,0.0,1.0,9.0,9.0,6.0,Rom/Dram,Fantasy,0.0,1.0,Maybe,1.0
236,2.0,Man,0.0,Europe,0.0,BA/BS,0.0,FullTimer,1.0,1.0,Anime;Light Novels,OTHER,0.0,1.0,6.0,10.0,8.0,Action,Rom/Dram,0.0,0.0,Maybe,1.0
237,1.0,Man,0.0,Asia,4.0,HS,1.0,Unemployed,2.0,1.0,Anime;Manga;Doujinshi;Light Novels,OTHER,1.0,1.0,7.0,10.0,4.0,Fantasy,Rom/Dram,1.0,1.0,Yes,1.0
238,2.0,Woman,0.0,Europe,-5.0,HS,1.0,Unemployed,7.0,1.0,Anime;Manga;Doujinshi;Light Novels;Visual Novels,OTHER,0.0,1.0,6.0,9.0,8.0,Action,Rom/Dram,0.0,1.0,Yes,1.0
239,1.0,Man,0.0,North America,-7.0,HS,1.0,FullTimer,7.0,1.0,Anime;Manga;Doujinshi,GSS,0.0,1.0,8.0,9.0,2.0,Action,Fantasy,0.0,1.0,Maybe,1.0
240,1.0,Woman,1.0,North America,-6.0,BA/BS,0.0,FullTimer,2.0,1.0,Anime,OTHER,0.0,1.0,6.0,9.0,9.0,Supernatural,Action,0.0,0.0,Maybe,1.0
241,1.0,Man,0.0,Australia,11.0,BA/BS,1.0,Unemployed,4.0,0.0,Anime;Manga;Light Novels,OTHER,0.0,1.0,8.0,10.0,7.0,SciFi/M&M,Psycho,0.0,0.0,Yes,1.0
242,1.0,Man,0.0,Europe,-5.0,MS,1.0,PartTimer,6.0,1.0,Anime,OTHER,0.0,1.0,7.0,8.0,6.0,Rom/Dram,Psycho,0.0,0.0,Maybe,1.0
243,1.0,Man,0.0,Australia,10.5,HS,1.0,Unemployed,3.0,0.0,Anime;Manga,OTHER,0.0,1.0,7.0,8.0,6.0,Rom/Dram,Rom/Dram,0.0,0.0,Maybe,1.0
245,1.0,Man,0.0,Asia,5.5,BA/BS,1.0,Unemployed,5.0,1.0,Anime;Manga;Doujinshi;Visual Novels,OTHER,0.0,1.0,8.0,9.0,6.0,Psycho,Comedy/SoL,0.0,1.0,Yes,1.0
246,1.0,Man,0.0,Europe,1.0,BA/BS,0.0,FullTimer,7.0,0.0,Anime;Manga;Doujinshi,OTHER,0.0,1.0,7.0,10.0,5.0,Comedy/SoL,Action,0.0,1.0,Maybe,1.0
247,2.0,Woman,1.0,Europe,0.0,MS,0.0,Unemployed,6.0,1.0,Anime;Manga;Doujinshi;Visual Novels,OTHER,1.0,1.0,6.0,9.0,9.0,Comedy/SoL,Action,0.0,1.0,Yes,1.0
248,1.0,Man,0.0,North America,-5.0,HS,1.0,Unemployed,4.0,1.0,Anime;Manga;Doujinshi,GSS,0.0,0.0,10.0,9.0,5.0,Action,Rom/Dram,0.0,1.0,Yes,1.0
250,1.0,Enby,1.0,Europe,1.0,BA/BS,1.0,PartTimer,7.0,1.0,Anime;Manga;Light Novels;Visual Novels,GSS,0.0,0.0,9.0,10.0,9.0,Psycho,Action,1.0,1.0,Yes,1.0
251,2.0,Man,0.0,North America,-8.0,BA/BS,0.0,FullTimer,3.0,0.0,Anime,OTHER,0.0,1.0,10.0,2.0,7.0,Comedy/SoL,Fantasy,1.0,1.0,Maybe,0.0
252,1.0,Man,1.0,North America,-6.0,AA/AS,1.0,Unemployed,7.0,1.0,Anime;Manga;Light Novels;Visual Novels,AFSS,1.0,1.0,7.0,8.0,6.0,Comedy/SoL,Rom/Dram,0.0,1.0,Yes,1.0
254,1.0,Man,0.0,Europe,1.0,BA/BS,1.0,Unemployed,3.0,1.0,Anime;Manga,OTHER,0.0,1.0,6.0,9.0,7.0,Action,Rom/Dram,0.0,0.0,No,1.0
255,1.0,Man,0.0,North America,-10.0,BA/BS,0.0,Unemployed,7.0,1.0,Anime;Manga;Doujinshi,AFSS,1.0,1.0,5.0,9.0,3.0,Comedy/SoL,SciFi/M&M,1.0,1.0,Maybe,1.0
256,1.0,Man,0.0,North America,-8.0,HS,0.0,Unemployed,7.0,1.0,Anime;Manga,OTHER,1.0,1.0,7.0,10.0,4.0,Action,Rom/Dram,0.0,1.0,Maybe,1.0
257,1.0,Man,0.0,Europe,1.0,HS,1.0,Unemployed,7.0,1.0,Anime;Manga;Visual Novels,OTHER,0.0,1.0,8.0,9.0,8.0,Rom/Dram,Supernatural,0.0,0.0,Yes,1.0
258,1.0,Enby,0.0,Europe,1.0,HS,1.0,Unemployed,7.0,0.0,Anime;Manga;Visual Novels,OTHER,1.0,1.0,3.0,9.0,2.0,Rom/Dram,Action,1.0,0.0,Maybe,1.0
260,1.0,Man,0.0,Europe,1.0,HSDropout,0.0,Unemployed,3.0,0.0,Anime;Visual Novels,OTHER,0.0,1.0,4.0,8.0,2.0,Action,Fantasy,0.0,1.0,Maybe,1.0
261,2.0,Man,0.0,North America,-5.0,AA/AS,0.0,FullTimer,4.0,1.0,Anime;Manga;Doujinshi;Light Novels;Visual Novels,AFSS,1.0,1.0,8.0,10.0,4.0,Fantasy,Supernatural,1.0,1.0,Maybe,1.0
262,2.0,Woman,0.0,Europe,2.0,MS,0.0,FullTimer,7.0,0.0,Anime;Manga;Doujinshi,OTHER,0.0,1.0,3.0,8.0,6.0,Psycho,Action,0.0,1.0,Yes,1.0
263,1.0,Man,0.0,North America,-5.0,HS,1.0,Unemployed,6.0,1.0,Anime;Manga;Light Novels,AFSS,1.0,1.0,7.0,8.0,6.0,Fantasy,Action,1.0,1.0,Maybe,1.0
264,1.0,Man,1.0,North America,-5.0,AA/AS,0.0,PartTimer,4.0,1.0,Anime;Manga,AFSS,1.0,1.0,9.0,10.0,8.0,Psycho,Action,0.0,0.0,Yes,1.0
265,1.0,Man,0.0,North America,-6.0,HS,0.0,Unemployed,3.0,0.0,Anime,AFSS,1.0,1.0,7.0,9.0,4.0,Action,Comedy/SoL,1.0,1.0,Yes,1.0
266,0.0,Man,0.0,Australia,10.0,HSDropout,1.0,Unemployed,7.0,1.0,Anime;Manga;Light Novels,AFSS,0.0,1.0,5.0,10.0,7.0,Rom/Dram,Fantasy,0.0,1.0,Maybe,1.0
267,1.0,Man,0.0,Europe,0.0,HS,1.0,PartTimer,6.0,1.0,Anime;Manga,AFSS,0.0,1.0,5.0,6.0,9.0,Rom/Dram,Psycho,1.0,1.0,Maybe,0.0
268,1.0,Man,0.0,North America,-5.0,HS,0.0,Unemployed,2.0,1.0,Anime;Manga,OTHER,0.0,1.0,8.0,10.0,5.0,Action,SciFi/M&M,0.0,1.0,Yes,1.0
270,1.0,Man,0.0,Europe,2.0,HS,1.0,Unemployed,3.0,1.0,Anime;Manga;Doujinshi,OTHER,0.0,1.0,6.0,8.0,0.0,Action,Comedy/SoL,1.0,1.0,No,1.0
271,2.0,Man,0.0,Europe,1.0,HS,1.0,Unemployed,3.0,0.0,Anime;Manga;Visual Novels,OTHER,0.0,1.0,7.0,10.0,3.0,Psycho,Action,0.0,0.0,Maybe,1.0
272,1.0,Man,0.0,Europe,1.0,HS,1.0,Unemployed,5.0,1.0,Anime;Manga;Doujinshi;Light Novels;Visual Novels,OTHER,0.0,1.0,3.0,8.0,8.0,Psycho,Comedy/SoL,1.0,1.0,Maybe,1.0
273,1.0,Man,0.0,Asia,-6.0,HS,1.0,Unemployed,7.0,0.0,Anime;Manga;Light Novels,AFSS,0.0,1.0,7.0,5.0,8.0,Comedy/SoL,Fantasy,0.0,0.0,Yes,0.0
274,1.0,Man,1.0,Europe,0.0,HSDropout,1.0,Unemployed,4.0,1.0,Anime;Manga,OTHER,0.0,1.0,6.0,7.0,8.0,Comedy/SoL,Rom/Dram,0.0,0.0,Yes,1.0
275,1.0,Man,0.0,Asia,4.0,HS,0.0,FullTimer,7.0,1.0,Anime;Manga;Doujinshi,OTHER,0.0,1.0,7.0,9.0,6.0,Psycho,Rom/Dram,0.0,1.0,Yes,1.0
276,1.0,Man,0.0,North America,-5.0,HS,1.0,PartTimer,2.0,1.0,Anime;Manga;Doujinshi,OTHER,0.0,1.0,6.0,9.0,5.0,Action,SciFi/M&M,0.0,1.0,Maybe,1.0
277,2.0,Woman,1.0,North America,-5.0,BA/BS,0.0,FullTimer,7.0,1.0,Anime;Manga;Doujinshi;Light Novels;Visual Novels,OTHER,0.0,1.0,6.0,9.0,7.0,Rom/Dram,Fantasy,0.0,0.0,Yes,1.0
278,1.0,Man,0.0,North America,-8.0,HS,1.0,Unemployed,5.0,1.0,Anime;Manga;Doujinshi;Visual Novels,OTHER,0.0,1.0,8.0,8.0,7.0,Comedy/SoL,Fantasy,1.0,1.0,Maybe,1.0
279,2.0,Man,0.0,Europe,1.0,BA/BS,0.0,PartTimer,6.0,0.0,Anime;Doujinshi,OTHER,0.0,1.0,4.0,8.0,2.0,Psycho,Action,0.0,1.0,No,1.0
280,1.0,Man,0.0,North America,-5.0,HS,0.0,Unemployed,7.0,1.0,Anime;Manga;Doujinshi,OTHER,1.0,1.0,9.0,9.0,6.0,Rom/Dram,Comedy/SoL,0.0,1.0,Maybe,1.0
282,0.0,Man,1.0,Europe,1.0,HSDropout,1.0,Unemployed,7.0,1.0,Anime;Manga,AFSS,0.0,1.0,7.0,7.0,8.0,Fantasy,Rom/Dram,0.0,0.0,Yes,1.0
283,2.0,Man,0.0,North America,-8.0,BA/BS,0.0,Unemployed,3.0,0.0,Anime;Manga,OTHER,0.0,1.0,8.0,10.0,0.0,Fantasy,Action,0.0,1.0,Maybe,1.0
284,0.0,Man,0.0,Europe,0.0,HSDropout,1.0,Unemployed,5.0,1.0,Anime,OTHER,0.0,0.0,10.0,9.0,7.0,Action,SciFi/M&M,0.0,0.0,Yes,0.0
285,0.0,Man,0.0,Asia,5.5,HSDropout,1.0,Unemployed,7.0,1.0,Anime;Manga,OTHER,0.0,1.0,6.0,9.0,5.0,Psycho,Rom/Dram,0.0,1.0,No,1.0
286,0.0,Man,0.0,Asia,5.5,HSDropout,1.0,Unemployed,6.0,1.0,Anime;Manga;Doujinshi,OTHER,0.0,1.0,2.0,10.0,7.0,Psycho,SciFi/M&M,1.0,1.0,Maybe,1.0
287,1.0,Man,0.0,North America,-7.0,BA/BS,1.0,PartTimer,7.0,1.0,Anime;Manga;Doujinshi,OTHER,0.0,1.0,8.0,8.0,6.0,Rom/Dram,Comedy/SoL,1.0,1.0,Yes,1.0
288,2.0,Man,0.0,North America,-6.0,BA/BS,0.0,FullTimer,5.0,0.0,Anime,AFSS,1.0,1.0,9.0,8.0,8.0,Action,Comedy/SoL,1.0,1.0,Yes,1.0
289,1.0,Man,0.0,North America,-5.0,HS,0.0,Unemployed,2.0,1.0,Anime;Manga;Doujinshi;Light Novels;Visual Novels,AFSS,1.0,1.0,7.0,9.0,5.0,Comedy/SoL,Supernatural,1.0,1.0,Maybe,1.0
290,4.0,Man,0.0,Europe,3.0,HS,0.0,Unemployed,7.0,1.0,Anime;Manga;Doujinshi,OTHER,0.0,1.0,6.0,9.0,4.0,Comedy/SoL,Rom/Dram,0.0,1.0,Maybe,1.0
291,2.0,Man,0.0,North America,-5.0,BA/BS,0.0,FullTimer,3.0,0.0,Anime,AFSS,1.0,0.0,3.0,9.0,5.0,Action,Rom/Dram,0.0,0.0,No,1.0
292,1.0,Woman,0.0,Europe,1.0,HSDropout,0.0,Unemployed,5.0,0.0,Anime;Manga,AFSS,0.0,1.0,7.0,8.0,8.0,Action,Comedy/SoL,0.0,0.0,Yes,1.0
293,1.0,Man,0.0,North America,-5.0,AA/AS,1.0,Unemployed,3.0,1.0,Anime;Manga;Doujinshi,AFSS,1.0,1.0,5.0,10.0,1.0,Psycho,Supernatural,1.0,1.0,Maybe,1.0
294,1.0,Man,0.0,Europe,1.0,HS,1.0,PartTimer,7.0,1.0,Anime;Manga;Doujinshi,OTHER,0.0,1.0,6.0,8.0,3.0,Psycho,Supernatural,1.0,1.0,Yes,1.0
295,1.0,Man,0.0,Europe,0.0,BA/BS,1.0,Unemployed,7.0,0.0,Anime,OTHER,0.0,1.0,7.0,10.0,4.0,Action,Rom/Dram,0.0,0.0,No,0.0
296,1.0,Man,0.0,Asia,-4.0,HS,1.0,Unemployed,6.0,0.0,Anime;Manga;Doujinshi;Light Novels;Visual Novels,OTHER,0.0,1.0,7.0,8.0,3.0,Action,Supernatural,1.0,1.0,No,1.0
298,2.0,Man,0.0,Europe,1.0,BA/BS,1.0,Unemployed,4.0,0.0,Anime;Manga;Doujinshi;Visual Novels,AFSS,1.0,1.0,7.0,8.0,6.0,Comedy/SoL,Rom/Dram,1.0,1.0,Maybe,1.0
299,1.0,Man,0.0,Asia,5.5,BA/BS,1.0,Unemployed,7.0,1.0,Anime;Manga;Doujinshi;Light Novels;Visual Novels,GSS,0.0,1.0,5.0,7.0,3.0,Psycho,Comedy/SoL,1.0,1.0,Maybe,1.0
300,2.0,Man,1.0,South America,-3.0,T/VS,0.0,FullTimer,7.0,1.0,Anime;Manga;Doujinshi;Light Novels,OTHER,0.0,1.0,8.0,10.0,6.0,Comedy/SoL,Rom/Dram,1.0,1.0,Maybe,1.0
302,0.0,Man,0.0,Australia,10.5,HSDropout,1.0,Unemployed,6.0,1.0,Anime;Manga,OTHER,0.0,1.0,8.0,10.0,2.0,Fantasy,Rom/Dram,1.0,0.0,Yes,1.0
303,1.0,Man,0.0,Europe,1.0,HS,1.0,Unemployed,2.0,1.0,Anime;Manga,OTHER,0.0,1.0,6.0,10.0,3.0,Action,Fantasy,0.0,1.0,Maybe,1.0
304,0.0,Man,0.0,Asia,5.5,HSDropout,1.0,Unemployed,6.0,1.0,Anime;Manga;Doujinshi;Visual Novels,OTHER,0.0,1.0,8.0,8.0,6.0,Supernatural,Rom/Dram,1.0,1.0,Yes,1.0
305,1.0,Man,1.0,Europe,2.0,BA/BS,1.0,Unemployed,5.0,1.0,Anime;Manga,AFSS,1.0,1.0,8.0,9.0,6.0,Comedy/SoL,Fantasy,0.0,0.0,Maybe,1.0
306,2.0,Man,0.0,North America,-8.0,BA/BS,0.0,FullTimer,7.0,1.0,Anime;Manga,OTHER,1.0,1.0,6.0,9.0,6.0,Supernatural,Comedy/SoL,0.0,0.0,Maybe,1.0
307,2.0,Man,0.0,North America,-5.0,BA/BS,0.0,PartTimer,4.0,1.0,Anime;Manga;Doujinshi;Light Novels;Visual Novels,AFSS,1.0,1.0,7.0,10.0,5.0,Psycho,Rom/Dram,1.0,1.0,No,1.0
308,1.0,Man,0.0,Europe,1.0,HS,0.0,Unemployed,2.0,1.0,Anime;Manga;Doujinshi,OTHER,1.0,1.0,8.0,6.0,4.0,Comedy/SoL,Rom/Dram,1.0,1.0,Maybe,1.0
309,4.0,Man,0.0,North America,-6.0,BA/BS,0.0,FullTimer,4.0,0.0,Anime;Manga;Light Novels,OTHER,1.0,0.0,5.0,7.0,8.0,Rom/Dram,Comedy/SoL,0.0,0.0,Yes,1.0
311,0.0,Man,0.0,Europe,0.0,HSDropout,1.0,Unemployed,7.0,0.0,Anime;Manga;Doujinshi;Light Novels,AFSS,1.0,1.0,8.0,9.0,7.0,Psycho,Fantasy,1.0,1.0,Maybe,1.0
313,0.0,Man,0.0,Asia,7.0,HSDropout,0.0,Unemployed,4.0,1.0,Anime;Manga;Light Novels,OTHER,0.0,1.0,8.0,8.0,7.0,Fantasy,Comedy/SoL,1.0,1.0,Maybe,1.0
314,0.0,Man,0.0,North America,-5.0,HSDropout,1.0,Unemployed,5.0,0.0,Anime,GSS,0.0,0.0,6.0,10.0,3.0,Action,Psycho,0.0,1.0,Yes,1.0
315,1.0,Man,0.0,Europe,1.0,HS,1.0,FullTimer,4.0,1.0,Anime;Manga;Light Novels;Visual Novels,AFSS,1.0,1.0,8.0,10.0,1.0,SciFi/M&M,Supernatural,0.0,0.0,Maybe,1.0
317,3.0,Man,0.0,North America,-8.0,BA/BS,0.0,FullTimer,7.0,1.0,Anime;Manga;Doujinshi;Light Novels;Visual Novels,AFSS,1.0,1.0,8.0,9.0,8.0,Supernatural,Action,0.0,1.0,Yes,1.0
318,1.0,Man,0.0,Asia,5.0,BA/BS,1.0,PartTimer,7.0,1.0,Anime;Manga;Light Novels;Visual Novels,AFSS,1.0,0.0,8.0,10.0,5.0,Psycho,SciFi/M&M,0.0,0.0,Maybe,1.0
319,3.0,Man,0.0,North America,-5.0,BA/BS,0.0,FullTimer,5.0,0.0,Anime,AFSS,1.0,0.0,6.0,9.0,4.0,Fantasy,SciFi/M&M,0.0,0.0,Maybe,1.0
321,0.0,Man,0.0,North America,-5.0,HS,1.0,Unemployed,6.0,0.0,Anime;Manga,OTHER,0.0,1.0,6.0,8.0,3.0,Action,SciFi/M&M,1.0,0.0,Yes,1.0
322,1.0,Man,0.0,Europe,1.0,HS,1.0,Unemployed,3.0,0.0,Anime,OTHER,0.0,1.0,6.0,10.0,5.0,Psycho,SciFi/M&M,0.0,0.0,Yes,1.0
323,1.0,Woman,1.0,North America,-6.0,BA/BS,0.0,PartTimer,2.0,1.0,Anime,GSS,1.0,0.0,4.0,10.0,4.0,Rom/Dram,Action,1.0,1.0,Yes,1.0
324,1.0,Man,0.0,North America,-10.0,HS,0.0,FullTimer,5.0,1.0,Anime,AFSS,1.0,1.0,5.0,9.0,9.0,Action,Comedy/SoL,0.0,0.0,Yes,1.0
325,1.0,Man,0.0,Europe,2.0,HS,1.0,Unemployed,7.0,1.0,Anime;Manga;Doujinshi,AFSS,1.0,1.0,8.0,8.0,7.0,Rom/Dram,Comedy/SoL,0.0,0.0,Yes,1.0
326,1.0,Woman,0.0,North America,-8.0,BA/BS,0.0,Unemployed,7.0,1.0,Anime;Manga;Doujinshi;Light Novels,AFSS,0.0,1.0,8.0,10.0,7.0,Fantasy,Action,0.0,1.0,Maybe,1.0
327,0.0,Man,0.0,North America,-7.0,HSDropout,1.0,Unemployed,4.0,0.0,Anime;Manga;Doujinshi,OTHER,0.0,1.0,7.0,9.0,5.0,Rom/Dram,Comedy/SoL,0.0,0.0,Yes,1.0
328,1.0,Woman,1.0,North America,-5.0,BA/BS,1.0,PartTimer,7.0,1.0,Anime;Manga,AFSS,1.0,1.0,8.0,7.0,4.0,Psycho,Comedy/SoL,1.0,1.0,Maybe,1.0
329,0.0,Man,0.0,Asia,8.0,HSDropout,1.0,Unemployed,5.0,0.0,Anime;Manga;Doujinshi,OTHER,0.0,1.0,7.0,9.0,5.0,Action,Rom/Dram,1.0,0.0,Maybe,1.0
330,0.0,Man,0.0,North America,-5.0,HSDropout,1.0,Unemployed,7.0,0.0,Anime;Manga;Doujinshi,OTHER,0.0,1.0,7.0,7.0,9.0,Comedy/SoL,Action,0.0,1.0,Maybe,1.0
331,0.0,Man,1.0,North America,-5.0,HS,1.0,PartTimer,7.0,1.0,Anime;Manga;Doujinshi;Light Novels,AFSS,1.0,1.0,9.0,8.0,6.0,Rom/Dram,Comedy/SoL,1.0,1.0,Maybe,1.0
332,1.0,Man,0.0,Europe,1.0,BA/BS,1.0,Unemployed,2.0,1.0,Anime;Manga;Doujinshi;Light Novels;Visual Novels,OTHER,1.0,1.0,9.0,9.0,1.0,Psycho,SciFi/M&M,0.0,1.0,Yes,1.0
333,1.0,Man,0.0,North America,-5.0,HSDropout,0.0,Unemployed,7.0,1.0,Anime;Manga;Doujinshi,AFSS,1.0,1.0,8.0,8.0,7.0,Fantasy,Action,0.0,1.0,No,1.0
334,1.0,Man,0.0,Europe,0.0,HS,0.0,FullTimer,5.0,1.0,Anime;Manga;Doujinshi;Light Novels;Visual Novels,AFSS,1.0,1.0,5.0,10.0,0.0,Psycho,Rom/Dram,1.0,1.0,Yes,1.0
335,0.0,Woman,1.0,Europe,0.0,HSDropout,1.0,Unemployed,7.0,0.0,Anime;Manga,OTHER,0.0,1.0,7.0,9.0,3.0,Comedy/SoL,Action,0.0,0.0,Maybe,0.0
336,2.0,Man,0.0,Europe,0.0,HS,0.0,FullTimer,5.0,0.0,Anime;Manga;Doujinshi,AFSS,1.0,1.0,8.0,7.0,3.0,Action,Fantasy,1.0,1.0,Maybe,1.0
337,1.0,Man,0.0,North America,-5.0,HS,1.0,Unemployed,5.0,1.0,Anime;Manga;Doujinshi;Light Novels,OTHER,0.0,1.0,8.0,10.0,7.0,SciFi/M&M,Rom/Dram,1.0,1.0,Maybe,1.0
338,1.0,Man,0.0,North America,-6.0,HS,1.0,Unemployed,4.0,0.0,Anime;Manga,OTHER,0.0,0.0,4.0,10.0,6.0,Action,Psycho,0.0,1.0,Maybe,1.0
339,1.0,Man,0.0,Europe,1.0,BA/BS,1.0,Unemployed,6.0,1.0,Anime;Manga;Light Novels,AFSS,1.0,1.0,8.0,8.0,6.0,Psycho,Fantasy,0.0,1.0,Maybe,1.0
340,1.0,Man,0.0,North America,-5.0,BA/BS,0.0,Unemployed,5.0,1.0,Anime;Manga;Visual Novels,OTHER,1.0,1.0,2.0,9.0,4.0,Psycho,Fantasy,0.0,1.0,Maybe,1.0
343,1.0,Man,0.0,North America,-7.0,BA/BS,0.0,FullTimer,7.0,1.0,Anime;Manga,AFSS,1.0,1.0,8.0,10.0,6.0,Action,Fantasy,0.0,1.0,No,1.0
344,2.0,Man,0.0,North America,-5.0,BA/BS,0.0,FullTimer,6.0,0.0,Anime,GSS,1.0,0.0,6.0,10.0,10.0,Action,Psycho,0.0,1.0,Yes,1.0
345,2.0,Man,0.0,North America,-6.0,BA/BS,0.0,FullTimer,4.0,1.0,Anime;Manga,OTHER,0.0,1.0,8.0,8.0,6.0,SciFi/M&M,Action,0.0,1.0,Yes,1.0
346,1.0,Woman,1.0,Europe,1.0,HS,1.0,Unemployed,7.0,0.0,Anime;Manga;Doujinshi;Light Novels;Visual Novels,OTHER,0.0,1.0,7.0,7.0,2.0,Comedy/SoL,Rom/Dram,0.0,1.0,Maybe,1.0
347,1.0,Man,0.0,Australia,10.0,BA/BS,1.0,Unemployed,7.0,0.0,Anime;Manga;Light Novels,OTHER,0.0,1.0,3.0,7.0,5.0,Rom/Dram,Action,0.0,1.0,No,1.0
348,1.0,Man,0.0,Europe,0.0,HS,1.0,Unemployed,7.0,1.0,Anime;Manga,OTHER,0.0,1.0,8.0,9.0,3.0,Comedy/SoL,Supernatural,0.0,1.0,Yes,1.0
349,1.0,Enby,1.0,North America,-5.0,HS,0.0,Unemployed,7.0,1.0,Manga,AFSS,0.0,1.0,6.0,9.0,6.0,Comedy/SoL,Action,0.0,1.0,Yes,1.0
350,1.0,Man,0.0,Europe,1.0,HS,1.0,PartTimer,7.0,0.0,Manga;Doujinshi,N/A,0.0,1.0,2.0,8.0,5.0,Comedy/SoL,Rom/Dram,0.0,1.0,Maybe,1.0
351,1.0,Man,0.0,Europe,1.0,BA/BS,1.0,Unemployed,7.0,1.0,Anime;Manga;Doujinshi;Light Novels,OTHER,0.0,1.0,7.0,9.0,0.0,Psycho,Action,0.0,0.0,No,0.0
352,2.0,Man,0.0,Europe,1.0,BA/BS,0.0,FullTimer,6.0,0.0,Anime;Manga;Doujinshi;Light Novels;Visual Novels,OTHER,0.0,1.0,4.0,9.0,7.0,Rom/Dram,Comedy/SoL,0.0,1.0,Maybe,1.0
353,1.0,Man,0.0,North America,-8.0,BA/BS,0.0,FullTimer,5.0,0.0,Anime;Manga,AFSS,1.0,1.0,8.0,10.0,8.0,Action,Comedy/SoL,0.0,0.0,No,1.0
354,1.0,Man,0.0,Europe,0.0,BA/BS,1.0,PartTimer,7.0,1.0,Anime;Manga;Doujinshi,AFSS,1.0,1.0,7.0,7.0,5.0,Action,Rom/Dram,0.0,1.0,Yes,1.0
355,1.0,Man,0.0,Europe,0.0,BA/BS,1.0,PartTimer,7.0,1.0,Anime;Manga;Doujinshi,AFSS,1.0,1.0,7.0,7.0,5.0,Action,Rom/Dram,0.0,1.0,Yes,1.0
356,1.0,Man,0.0,North America,-5.0,HS,1.0,PartTimer,6.0,1.0,Manga,N/A,1.0,1.0,8.0,9.0,5.0,Action,Comedy/SoL,0.0,0.0,Yes,1.0
357,1.0,Man,0.0,North America,-5.0,HS,1.0,Unemployed,7.0,1.0,Anime;Manga;Doujinshi,GSS,1.0,1.0,5.0,10.0,0.0,Psycho,Rom/Dram,1.0,1.0,Maybe,1.0
358,2.0,Enby,0.0,South America,-3.0,T/VS,1.0,Unemployed,6.0,1.0,Anime,AFSS,1.0,1.0,7.0,9.0,7.0,Comedy/SoL,Action,1.0,1.0,Yes,1.0
359,1.0,Man,0.0,Europe,1.0,BA/BS,1.0,PartTimer,4.0,0.0,Anime;Manga;Light Novels;Visual Novels,GSS,0.0,1.0,7.0,10.0,8.0,Rom/Dram,Psycho,0.0,1.0,Maybe,1.0
360,1.0,Man,0.0,Australia,11.0,BA/BS,0.0,Unemployed,7.0,1.0,Anime;Manga,OTHER,0.0,1.0,5.0,9.0,1.0,Comedy/SoL,Fantasy,0.0,1.0,Yes,1.0
361,1.0,Man,0.0,North America,-8.0,BA/BS,0.0,PartTimer,7.0,1.0,Anime;Manga;Doujinshi;Light Novels,GSS,0.0,1.0,8.0,9.0,6.0,Supernatural,Fantasy,0.0,1.0,Yes,1.0
362,1.0,Man,0.0,North America,-8.0,BA/BS,0.0,PartTimer,7.0,1.0,Anime;Manga;Doujinshi;Light Novels,GSS,0.0,1.0,8.0,9.0,6.0,Supernatural,Fantasy,0.0,1.0,Yes,1.0
363,0.0,Man,0.0,North America,-8.0,HSDropout,1.0,Unemployed,7.0,1.0,Anime;Manga;Light Novels,OTHER,0.0,0.0,7.0,9.0,3.0,Rom/Dram,Action,0.0,1.0,Maybe,1.0
364,0.0,Man,0.0,North America,-7.0,HSDropout,1.0,Unemployed,6.0,0.0,Anime;Manga;Visual Novels,AFSS,0.0,1.0,5.0,8.0,6.0,Action,Supernatural,1.0,1.0,Yes,1.0
365,1.0,Woman,0.0,North America,-5.0,HS,1.0,Unemployed,2.0,1.0,Anime;Manga,OTHER,0.0,1.0,7.0,10.0,5.0,Comedy/SoL,Rom/Dram,0.0,0.0,Yes,1.0
366,1.0,Enby,1.0,North America,-5.0,HS,1.0,Unemployed,5.0,1.0,Anime;Manga,OTHER,0.0,1.0,7.0,6.0,10.0,Psycho,Rom/Dram,0.0,0.0,Yes,1.0
367,3.0,Woman,0.0,North America,-6.0,MS,0.0,FullTimer,7.0,0.0,Anime;Manga,AFSS,1.0,0.0,7.0,10.0,6.0,Rom/Dram,Supernatural,0.0,0.0,Yes,1.0
368,2.0,Man,0.0,Europe,-5.0,T/VS,0.0,FullTimer,7.0,1.0,Manga;Doujinshi;Light Novels,OTHER,0.0,1.0,7.0,9.0,4.0,Psycho,Comedy/SoL,1.0,1.0,Yes,1.0
369,1.0,Man,0.0,South America,-5.0,MS,0.0,FullTimer,4.0,0.0,Manga,N/A,0.0,1.0,4.0,9.0,9.0,Rom/Dram,Comedy/SoL,0.0,1.0,No,1.0
370,1.0,Man,0.0,North America,-8.0,BA/BS,1.0,PartTimer,7.0,1.0,Anime;Manga;Doujinshi;Light Novels;Visual Novels,AFSS,0.0,1.0,7.0,9.0,8.0,Comedy/SoL,Action,0.0,1.0,Yes,1.0
371,0.0,Man,1.0,North America,-8.0,HSDropout,1.0,Unemployed,7.0,1.0,Anime;Manga;Light Novels,OTHER,0.0,1.0,6.0,8.0,2.0,Comedy/SoL,Fantasy,1.0,1.0,Maybe,1.0
372,3.0,Man,0.0,Australia,11.0,BA/BS,0.0,FullTimer,7.0,0.0,Anime,AFSS,1.0,0.0,0.0,9.0,8.0,Action,Comedy/SoL,0.0,0.0,Maybe,1.0
373,0.0,Man,0.0,North America,-5.0,HSDropout,1.0,Unemployed,4.0,0.0,Anime;Manga,OTHER,0.0,1.0,8.0,10.0,5.0,Action,Rom/Dram,0.0,1.0,Yes,1.0
374,0.0,Man,0.0,Asia,5.5,HSDropout,1.0,Unemployed,7.0,1.0,Anime;Manga;Doujinshi;Light Novels,OTHER,0.0,1.0,6.0,9.0,7.0,Comedy/SoL,Supernatural,0.0,1.0,Yes,1.0
375,1.0,Man,0.0,North America,-5.0,HS,1.0,Unemployed,7.0,1.0,Anime;Manga;Doujinshi,OTHER,1.0,1.0,9.0,10.0,3.0,SciFi/M&M,Supernatural,0.0,1.0,No,0.0
376,1.0,Man,1.0,North America,-5.0,HS,1.0,PartTimer,7.0,0.0,Anime;Manga;Doujinshi,OTHER,0.0,1.0,6.0,10.0,2.0,Rom/Dram,Psycho,0.0,1.0,Yes,1.0
377,1.0,Man,0.0,North America,-6.0,HS,1.0,FullTimer,7.0,0.0,Anime;Manga;Light Novels;Visual Novels,AFSS,0.0,1.0,6.0,9.0,7.0,Rom/Dram,Fantasy,1.0,1.0,Yes,1.0
378,2.0,Man,0.0,North America,-7.0,AA/AS,0.0,FullTimer,7.0,0.0,Anime;Manga;Doujinshi;Light Novels,OTHER,0.0,1.0,8.0,6.0,3.0,Action,SciFi/M&M,1.0,1.0,No,0.0
380,1.0,Woman,1.0,Asia,7.0,BA/BS,1.0,Unemployed,4.0,1.0,Anime;Manga;Doujinshi;Visual Novels,OTHER,0.0,1.0,8.0,10.0,7.0,Psycho,Rom/Dram,0.0,1.0,Maybe,1.0
381,1.0,Man,0.0,Europe,1.0,HS,1.0,Unemployed,3.0,1.0,Anime,OTHER,0.0,1.0,7.0,8.0,3.0,Psycho,Action,0.0,0.0,No,1.0
382,1.0,Man,1.0,Europe,1.0,AA/AS,0.0,FullTimer,7.0,1.0,Anime;Manga;Doujinshi,OTHER,0.0,1.0,8.0,8.0,6.0,Comedy/SoL,Psycho,1.0,1.0,Yes,1.0
383,2.0,Man,0.0,Australia,13.0,T/VS,0.0,Unemployed,7.0,1.0,Manga,AFSS,0.0,1.0,6.0,7.0,2.0,Comedy/SoL,Action,0.0,1.0,Yes,1.0
384,2.0,Man,0.0,Europe,1.0,T/VS,0.0,FullTimer,5.0,0.0,Anime;Manga;Doujinshi;Light Novels,AFSS,1.0,1.0,7.0,9.0,0.0,Comedy/SoL,Rom/Dram,0.0,1.0,Maybe,1.0
385,1.0,Enby,1.0,North America,-5.0,BA/BS,1.0,PartTimer,7.0,1.0,Anime;Manga,OTHER,1.0,1.0,7.0,10.0,5.0,Supernatural,Psycho,0.0,0.0,Yes,1.0
387,1.0,Man,0.0,North America,1.0,AA/AS,1.0,PartTimer,3.0,1.0,Anime;Manga;Doujinshi,OTHER,0.0,1.0,7.0,8.0,3.0,Fantasy,Comedy/SoL,0.0,1.0,Maybe,1.0
389,1.0,Man,1.0,Asia,5.5,BA/BS,1.0,Unemployed,6.0,1.0,Anime;Manga;Doujinshi;Light Novels,OTHER,0.0,1.0,8.0,9.0,8.0,Comedy/SoL,Action,1.0,1.0,Maybe,1.0
390,1.0,Man,0.0,Asia,-8.0,HS,1.0,Unemployed,7.0,1.0,Anime;Manga;Doujinshi;Light Novels;Visual Novels,OTHER,0.0,1.0,7.0,8.0,5.0,Comedy/SoL,Action,1.0,1.0,Yes,1.0
391,1.0,Man,0.0,North America,-7.0,HS,1.0,Unemployed,7.0,1.0,Anime;Manga;Doujinshi,AFSS,1.0,0.0,6.0,8.0,6.0,Action,Comedy/SoL,1.0,1.0,No,0.0
393,0.0,Man,0.0,South America,-3.0,HSDropout,0.0,Unemployed,6.0,0.0,Anime;Manga;Doujinshi;Light Novels;Visual Novels,AFSS,0.0,1.0,6.0,9.0,8.0,Rom/Dram,Comedy/SoL,0.0,1.0,Yes,1.0
394,1.0,Woman,0.0,North America,-8.0,BA/BS,0.0,FullTimer,7.0,1.0,Anime;Manga;Doujinshi;Light Novels,AFSS,0.0,1.0,8.0,9.0,6.0,Rom/Dram,Comedy/SoL,0.0,1.0,Yes,1.0
395,1.0,Man,0.0,Europe,0.0,MS,1.0,Unemployed,7.0,0.0,Anime;Manga;Doujinshi;Light Novels,AFSS,1.0,1.0,6.0,10.0,3.0,Rom/Dram,Comedy/SoL,0.0,1.0,Maybe,1.0
396,1.0,Man,0.0,North America,-8.0,AA/AS,1.0,Unemployed,5.0,0.0,Anime;Manga,AFSS,0.0,1.0,10.0,5.0,1.0,Comedy/SoL,Psycho,1.0,1.0,No,1.0
397,2.0,Man,0.0,North America,-8.0,AA/AS,1.0,PartTimer,3.0,1.0,Anime,AFSS,1.0,1.0,5.0,6.0,0.0,Comedy/SoL,Action,1.0,1.0,No,0.0
398,2.0,Man,0.0,Asia,8.0,BA/BS,0.0,Unemployed,4.0,1.0,Anime;Manga;Doujinshi;Light Novels;Visual Novels,OTHER,0.0,1.0,7.0,6.0,5.0,Comedy/SoL,Fantasy,1.0,1.0,No,0.0
399,1.0,Man,0.0,North America,-5.0,HS,1.0,Unemployed,7.0,0.0,Manga,OTHER,0.0,1.0,6.0,9.0,3.0,Action,Rom/Dram,0.0,1.0,No,1.0
400,1.0,Man,0.0,North America,-8.0,BA/BS,0.0,Unemployed,5.0,0.0,Manga;Doujinshi,N/A,0.0,1.0,5.0,8.0,5.0,Rom/Dram,Comedy/SoL,1.0,1.0,Yes,1.0
401,0.0,Man,0.0,Asia,5.5,HSDropout,1.0,Unemployed,6.0,1.0,Manga;Doujinshi,N/A,0.0,1.0,8.0,7.0,9.0,Action,Rom/Dram,0.0,1.0,Yes,0.0
403,1.0,Man,0.0,North America,-8.0,BA/BS,0.0,FullTimer,7.0,0.0,Anime;Manga;Light Novels,AFSS,1.0,1.0,8.0,10.0,9.0,Comedy/SoL,Action,0.0,0.0,No,1.0
404,2.0,Man,0.0,Europe,0.0,HS,0.0,FullTimer,7.0,0.0,Anime;Manga;Doujinshi,AFSS,1.0,1.0,9.0,8.0,0.0,Comedy/SoL,SciFi/M&M,1.0,1.0,No,1.0
405,2.0,Man,0.0,Europe,1.0,HS,0.0,FullTimer,7.0,0.0,Anime;Manga;Doujinshi;Light Novels,AFSS,1.0,1.0,9.0,8.0,9.0,Fantasy,Comedy/SoL,1.0,1.0,Yes,1.0
406,2.0,Man,0.0,North America,-5.0,AA/AS,0.0,FullTimer,7.0,1.0,Anime;Manga;Doujinshi,AFSS,1.0,1.0,7.0,10.0,3.0,Psycho,Action,0.0,1.0,Maybe,1.0
407,2.0,Man,0.0,Europe,0.0,HS,0.0,PartTimer,7.0,1.0,Anime;Manga;Doujinshi;Visual Novels,AFSS,0.0,1.0,7.0,9.0,3.0,Psycho,SciFi/M&M,0.0,1.0,Maybe,1.0
408,2.0,Man,0.0,North America,-5.0,BA/BS,0.0,FullTimer,4.0,1.0,Anime;Manga;Light Novels,AFSS,1.0,1.0,7.0,9.0,4.0,Fantasy,Comedy/SoL,0.0,0.0,Maybe,1.0
409,1.0,Man,0.0,North America,-7.0,HS,1.0,PartTimer,7.0,1.0,Anime;Manga;Doujinshi;Light Novels;Visual Novels,AFSS,1.0,1.0,4.0,7.0,3.0,Fantasy,SciFi/M&M,1.0,1.0,Maybe,1.0
410,1.0,Man,1.0,North America,-5.0,AA/AS,1.0,FullTimer,5.0,1.0,Anime;Manga;Doujinshi;Light Novels;Visual Novels,OTHER,1.0,1.0,7.0,10.0,9.0,Comedy/SoL,Fantasy,1.0,1.0,No,1.0
411,1.0,Man,1.0,South America,-4.0,HS,0.0,Unemployed,5.0,1.0,Anime;Manga;Doujinshi;Visual Novels,OTHER,0.0,1.0,7.0,8.0,3.0,Comedy/SoL,Psycho,0.0,1.0,Yes,1.0
412,0.0,Man,0.0,Europe,0.0,HS,1.0,Unemployed,3.0,1.0,Anime;Manga;Doujinshi,AFSS,0.0,1.0,8.0,10.0,7.0,Psycho,Rom/Dram,1.0,1.0,No,1.0
414,1.0,Man,0.0,Asia,6.5,AA/AS,1.0,PartTimer,7.0,1.0,Anime;Manga;Doujinshi;Light Novels,AFSS,0.0,1.0,5.0,9.0,8.0,Comedy/SoL,Fantasy,0.0,1.0,Maybe,1.0
415,1.0,Woman,0.0,North America,-5.0,BA/BS,0.0,Unemployed,7.0,1.0,Anime;Manga;Light Novels;Visual Novels,OTHER,1.0,1.0,9.0,9.0,2.0,Supernatural,Psycho,1.0,0.0,Yes,1.0
416,1.0,Man,0.0,North America,-6.0,BA/BS,0.0,Unemployed,2.0,0.0,Anime,OTHER,0.0,0.0,9.0,10.0,10.0,Fantasy,Action,1.0,0.0,No,1.0
417,0.0,Man,0.0,Europe,2.0,HSDropout,1.0,PartTimer,5.0,1.0,Anime;Manga;Doujinshi;Visual Novels,OTHER,0.0,1.0,7.0,6.0,7.0,Comedy/SoL,SciFi/M&M,0.0,1.0,Maybe,1.0
418,2.0,Woman,0.0,North America,-8.0,BA/BS,0.0,Unemployed,6.0,1.0,Anime;Doujinshi,GSS,0.0,0.0,0.0,9.0,2.0,Psycho,Supernatural,0.0,1.0,Yes,1.0
419,0.0,Man,0.0,North America,-6.0,HSDropout,1.0,Unemployed,5.0,1.0,Anime,GSS,0.0,1.0,9.0,9.0,0.0,Action,SciFi/M&M,0.0,1.0,Maybe,1.0
420,1.0,Man,0.0,North America,-6.0,BA/BS,0.0,FullTimer,6.0,1.0,Anime;Manga;Light Novels,AFSS,1.0,1.0,7.0,9.0,0.0,Rom/Dram,Comedy/SoL,0.0,0.0,Maybe,1.0
421,1.0,Man,0.0,North America,-5.0,HS,1.0,Unemployed,3.0,1.0,Anime;Manga;Doujinshi;Light Novels;Visual Novels,OTHER,1.0,1.0,8.0,8.0,6.0,Comedy/SoL,Rom/Dram,1.0,1.0,Maybe,1.0
422,2.0,Man,0.0,North America,-5.0,BA/BS,0.0,FullTimer,6.0,1.0,Anime;Light Novels,OTHER,0.0,0.0,7.0,10.0,5.0,Fantasy,Supernatural,0.0,0.0,No,1.0
423,1.0,Man,0.0,Europe,1.0,PhD,0.0,FullTimer,7.0,0.0,Anime;Manga;Doujinshi;Light Novels,AFSS,1.0,0.0,7.0,9.0,7.0,Rom/Dram,Comedy/SoL,0.0,1.0,Maybe,1.0
424,1.0,Man,0.0,Europe,1.0,HS,1.0,Unemployed,7.0,0.0,Anime;Manga;Doujinshi;Light Novels,AFSS,0.0,1.0,4.0,8.0,3.0,Comedy/SoL,Rom/Dram,0.0,1.0,Yes,1.0
425,1.0,Man,0.0,North America,-5.0,HS,0.0,FullTimer,4.0,0.0,Anime;Doujinshi,OTHER,1.0,1.0,8.0,9.0,0.0,Rom/Dram,Psycho,1.0,1.0,No,1.0
426,2.0,Man,0.0,Europe,2.0,BA/BS,1.0,Unemployed,7.0,1.0,Anime;Manga;Doujinshi,AFSS,1.0,1.0,6.0,5.0,7.0,Comedy/SoL,Psycho,0.0,1.0,Maybe,1.0
428,1.0,Man,0.0,North America,-5.0,HS,1.0,FullTimer,4.0,0.0,Anime,OTHER,0.0,1.0,3.0,7.0,2.0,Comedy/SoL,Psycho,0.0,1.0,Yes,1.0
430,1.0,Man,0.0,Europe,1.0,HS,1.0,FullTimer,7.0,0.0,Anime;Light Novels,OTHER,0.0,1.0,6.0,7.0,4.0,Fantasy,Rom/Dram,0.0,1.0,Maybe,1.0
432,1.0,Man,0.0,Europe,1.0,HSDropout,1.0,Unemployed,1.0,0.0,Anime;Manga,AFSS,1.0,1.0,8.0,10.0,3.0,Rom/Dram,Comedy/SoL,1.0,1.0,No,1.0
433,1.0,Man,1.0,Europe,1.0,BA/BS,1.0,Unemployed,4.0,1.0,Anime;Manga,AFSS,0.0,1.0,8.0,9.0,8.0,Rom/Dram,Psycho,0.0,0.0,Yes,1.0
435,2.0,Man,0.0,Europe,1.0,BA/BS,1.0,FullTimer,6.0,0.0,Anime;Manga;Doujinshi;Light Novels;Visual Novels,AFSS,0.0,1.0,7.0,10.0,3.0,Comedy/SoL,Psycho,0.0,1.0,Yes,1.0
436,2.0,Man,0.0,Europe,0.0,HS,0.0,PartTimer,3.0,1.0,Anime,OTHER,1.0,1.0,8.0,10.0,5.0,Rom/Dram,Comedy/SoL,1.0,1.0,Maybe,1.0
437,1.0,Man,0.0,Europe,1.0,BA/BS,0.0,PartTimer,5.0,0.0,Anime;Manga;Doujinshi;Light Novels;Visual Novels,AFSS,1.0,1.0,6.0,9.0,9.0,Comedy/SoL,Action,1.0,1.0,No,1.0
438,1.0,Man,0.0,South America,-4.0,BA/BS,1.0,Unemployed,4.0,1.0,Anime;Manga;Light Novels,OTHER,0.0,1.0,4.0,10.0,3.0,Comedy/SoL,Supernatural,0.0,1.0,Yes,1.0
440,1.0,Man,0.0,Asia,8.0,HSDropout,1.0,Unemployed,6.0,1.0,Anime;Manga;Doujinshi,AFSS,0.0,1.0,9.0,7.0,4.0,Action,SciFi/M&M,1.0,1.0,Maybe,1.0
441,2.0,Man,0.0,Europe,1.0,BA/BS,0.0,FullTimer,7.0,0.0,Anime;Manga;Light Novels,OTHER,1.0,1.0,8.0,4.0,8.0,SciFi/M&M,Psycho,0.0,0.0,Yes,1.0
442,1.0,Man,0.0,North America,-8.0,HS,1.0,Unemployed,7.0,1.0,Anime;Manga;Doujinshi;Light Novels,OTHER,0.0,1.0,8.0,7.0,7.0,Action,Rom/Dram,0.0,1.0,Maybe,1.0
443,1.0,Man,0.0,North America,-5.0,AA/AS,1.0,PartTimer,7.0,1.0,Anime;Manga;Doujinshi;Light Novels;Visual Novels,AFSS,1.0,1.0,10.0,10.0,7.0,Action,Rom/Dram,1.0,1.0,Yes,1.0
444,1.0,Man,0.0,North America,-7.0,HS,1.0,Unemployed,7.0,0.0,Anime;Manga;Doujinshi;Visual Novels,AFSS,1.0,1.0,7.0,10.0,2.0,Rom/Dram,Action,0.0,1.0,Maybe,1.0
445,1.0,Woman,1.0,North America,-8.0,BA/BS,1.0,FullTimer,7.0,1.0,Anime;Manga;Light Novels;Visual Novels,AFSS,1.0,1.0,8.0,9.0,2.0,Action,Rom/Dram,0.0,1.0,Yes,1.0
446,1.0,Man,0.0,North America,-5.0,HS,0.0,PartTimer,3.0,0.0,Anime;Manga;Doujinshi,AFSS,0.0,1.0,0.0,10.0,6.0,Rom/Dram,Fantasy,1.0,1.0,Maybe,1.0
447,0.0,Man,0.0,North America,-5.0,HS,1.0,PartTimer,4.0,0.0,Anime;Manga;Light Novels,AFSS,1.0,1.0,7.0,10.0,5.0,Comedy/SoL,SciFi/M&M,0.0,1.0,No,0.0
448,1.0,Man,0.0,North America,-6.0,HS,1.0,Unemployed,3.0,0.0,Anime;Manga;Visual Novels,OTHER,1.0,1.0,7.0,10.0,0.0,Psycho,SciFi/M&M,1.0,0.0,Maybe,1.0
449,2.0,Man,0.0,North America,-8.0,BA/BS,0.0,FullTimer,4.0,0.0,Anime;Manga,GSS,1.0,1.0,7.0,9.0,3.0,Comedy/SoL,Rom/Dram,0.0,0.0,Yes,1.0
450,3.0,Woman,1.0,North America,-8.0,HS,0.0,PartTimer,7.0,1.0,Anime;Manga;Doujinshi;Visual Novels,OTHER,0.0,1.0,7.0,10.0,4.0,Supernatural,SciFi/M&M,0.0,1.0,Yes,1.0
451,1.0,Man,0.0,Asia,3.0,BA/BS,1.0,Unemployed,5.0,0.0,Anime;Light Novels;Visual Novels,OTHER,0.0,1.0,10.0,10.0,5.0,Psycho,Fantasy,0.0,0.0,Maybe,1.0
453,2.0,Man,0.0,Australia,13.0,BA/BS,0.0,Unemployed,7.0,1.0,Anime;Manga;Doujinshi;Light Novels;Visual Novels,OTHER,1.0,1.0,8.0,8.0,5.0,Fantasy,Comedy/SoL,1.0,1.0,Maybe,1.0
454,1.0,Man,1.0,North America,-6.0,HS,1.0,PartTimer,7.0,1.0,Anime;Manga;Doujinshi;Light Novels,OTHER,0.0,1.0,8.0,9.0,9.0,Fantasy,Supernatural,1.0,1.0,Yes,1.0
455,1.0,Man,0.0,Europe,1.0,HS,1.0,Unemployed,6.0,0.0,Anime;Light Novels,AFSS,0.0,1.0,6.0,10.0,9.0,Comedy/SoL,Rom/Dram,0.0,1.0,Yes,1.0
456,2.0,Man,0.0,Europe,1.0,MS,0.0,FullTimer,7.0,1.0,Anime;Manga;Doujinshi;Light Novels,AFSS,1.0,1.0,5.0,5.0,1.0,Comedy/SoL,Fantasy,1.0,1.0,No,1.0
457,1.0,Man,0.0,North America,-5.0,HS,1.0,FullTimer,7.0,1.0,Anime;Manga;Doujinshi;Visual Novels,AFSS,1.0,1.0,8.0,9.0,5.0,Fantasy,Rom/Dram,0.0,1.0,Maybe,1.0
458,1.0,Man,0.0,North America,-8.0,AA/AS,0.0,Unemployed,1.0,1.0,Anime,GSS,0.0,0.0,9.0,7.0,8.0,Comedy/SoL,SciFi/M&M,0.0,1.0,No,0.0
459,0.0,Man,0.0,Europe,0.0,HSDropout,1.0,Unemployed,6.0,1.0,Anime,OTHER,0.0,1.0,7.0,9.0,7.0,Rom/Dram,Comedy/SoL,0.0,1.0,No,1.0
460,0.0,Man,0.0,North America,-8.0,HSDropout,1.0,Unemployed,6.0,1.0,Anime;Visual Novels,OTHER,0.0,1.0,8.0,10.0,3.0,Psycho,Comedy/SoL,0.0,1.0,Yes,1.0
461,2.0,Man,0.0,Europe,3.0,MS,0.0,FullTimer,7.0,1.0,Anime;Manga,OTHER,0.0,1.0,5.0,8.0,4.0,Psycho,Action,0.0,1.0,No,1.0
463,1.0,Man,0.0,North America,-4.0,BA/BS,1.0,Unemployed,7.0,1.0,Anime,AFSS,1.0,1.0,7.0,9.0,5.0,Comedy/SoL,Action,0.0,0.0,Yes,1.0
464,1.0,Man,0.0,North America,-8.0,BA/BS,0.0,Unemployed,7.0,0.0,Anime;Manga;Doujinshi,OTHER,0.0,1.0,6.0,5.0,5.0,Fantasy,Action,1.0,1.0,Maybe,1.0
465,1.0,Enby,1.0,Asia,8.0,HS,1.0,Unemployed,2.0,1.0,Anime;Manga;Doujinshi,OTHER,0.0,1.0,4.0,8.0,9.0,Comedy/SoL,Fantasy,0.0,1.0,Maybe,1.0
468,1.0,Man,0.0,Europe,0.0,HS,1.0,Unemployed,7.0,1.0,Anime;Manga;Doujinshi;Visual Novels,OTHER,0.0,1.0,6.0,7.0,3.0,SciFi/M&M,Psycho,0.0,1.0,Maybe,1.0
469,1.0,Man,0.0,Asia,5.5,MS,1.0,Unemployed,7.0,0.0,Anime;Manga;Doujinshi,OTHER,0.0,1.0,7.0,10.0,3.0,Comedy/SoL,Rom/Dram,0.0,0.0,Maybe,1.0
470,0.0,Man,0.0,North America,-8.0,HSDropout,1.0,Unemployed,4.0,0.0,Anime;Manga;Doujinshi;Visual Novels,GSS,0.0,0.0,8.0,7.0,5.0,Comedy/SoL,Fantasy,1.0,1.0,Maybe,1.0
471,1.0,Man,0.0,Australia,13.0,HS,1.0,PartTimer,4.0,0.0,Anime;Visual Novels,OTHER,0.0,0.0,7.0,3.0,3.0,Fantasy,Action,0.0,1.0,No,0.0
472,1.0,Man,0.0,Asia,2.0,HS,1.0,Unemployed,6.0,0.0,Anime,AFSS,0.0,1.0,7.0,9.0,5.0,Fantasy,Comedy/SoL,0.0,1.0,Maybe,1.0
473,1.0,Woman,0.0,North America,-6.0,HS,1.0,Unemployed,6.0,0.0,Anime;Manga;Doujinshi;Light Novels;Visual Novels,AFSS,1.0,1.0,1.0,6.0,9.0,Rom/Dram,Comedy/SoL,0.0,0.0,Maybe,0.0
474,0.0,Man,0.0,Asia,9.0,HSDropout,1.0,Unemployed,7.0,1.0,Anime;Manga,OTHER,0.0,1.0,8.0,10.0,10.0,Fantasy,Supernatural,1.0,0.0,Maybe,1.0
475,1.0,Man,0.0,Europe,1.0,HS,1.0,Unemployed,7.0,0.0,Anime;Manga;Doujinshi,OTHER,0.0,1.0,7.0,7.0,8.0,Comedy/SoL,Rom/Dram,0.0,1.0,Maybe,1.0
476,1.0,Man,1.0,Europe,0.0,HS,1.0,Unemployed,6.0,1.0,Anime;Manga,OTHER,0.0,1.0,6.0,9.0,9.0,Comedy/SoL,Rom/Dram,0.0,0.0,Maybe,1.0
477,1.0,Man,0.0,North America,-8.0,HS,0.0,Unemployed,7.0,1.0,Anime;Doujinshi;Light Novels,AFSS,1.0,0.0,4.0,10.0,7.0,Fantasy,Psycho,0.0,1.0,Yes,1.0
478,2.0,Man,0.0,North America,-8.0,HS,0.0,Unemployed,3.0,1.0,Anime;Manga;Doujinshi,OTHER,0.0,0.0,4.0,7.0,2.0,Supernatural,Comedy/SoL,1.0,1.0,No,1.0
479,4.0,Man,0.0,North America,-6.0,BA/BS,0.0,FullTimer,4.0,0.0,Anime;Manga;Light Novels,COPY,0.0,0.0,5.0,7.0,6.0,Rom/Dram,Comedy/SoL,0.0,0.0,Yes,1.0
481,1.0,Man,1.0,North America,-6.0,HS,0.0,FullTimer,3.0,1.0,Anime;Manga,GSS,0.0,0.0,4.0,7.0,4.0,Supernatural,Rom/Dram,1.0,1.0,Maybe,1.0
